,trip_id,route_id,stop_id,vehicle_id,time_of_day,date,dist_along_route,stop_num_from_call,estimated_arrival_time,actual_arrival_time
0,MA_A6-Weekday-SDon-039500_X1011_601,X11,203611,2903.0,12:00:00,20160125.0,6509.32952381,1.0,64.6632681098,34.0371983914
1,MA_A6-Weekday-SDon-039500_X1011_601,X11,203614,2903.0,12:00:00,20160125.0,6509.32952381,4.0,413.846514769,321.866849454
2,MA_A6-Weekday-SDon-039500_X1011_601,X11,203614,2903.0,12:05:00,20160125.0,7869.85,1.0,84.4549702099,21.8668494538
3,CA_A6-Weekday-SDon-040000_X14_307,X14,203456,2646.0,12:00:00,20160125.0,4498.70112903,3.0,179.246444979,220.924002187
4,CA_A6-Weekday-SDon-041000_X14_308,X14,405043,2213.0,12:00:00,20160125.0,1233.33809524,34.0,3622.93164181,4118.01817033
5,CA_A6-Weekday-SDon-039000_X14_306,X14,405043,2224.0,12:00:00,20160125.0,5928.17483871,20.0,2656.76371193,2946.93093583
6,CA_A6-Weekday-SDon-040000_X14_307,X14,405043,2646.0,12:00:00,20160125.0,4498.70112903,24.0,2952.38182482,3039.58411604
7,CA_A6-Weekday-SDon-039000_X14_306,X14,405043,2224.0,12:05:00,20160125.0,7103.17042672,17.0,2482.106686,2646.93093583
8,CA_A6-Weekday-SDon-041000_X14_308,X14,405043,2213.0,12:05:00,20160125.0,2644.83681567,30.0,3389.3133025,3818.01817033
9,CA_A6-Weekday-SDon-040000_X14_307,X14,405043,2646.0,12:05:00,20160125.0,6020.32746032,20.0,2679.45422807,2739.58411604
10,CA_A6-Weekday-SDon-039000_X14_306,X14,405043,2224.0,12:10:00,20160125.0,9602.22344397,11.0,1765.1071038,2346.93093583
11,CA_A6-Weekday-SDon-041000_X14_308,X14,405043,2213.0,12:10:00,20160125.0,4494.1343891,24.0,2951.42547582,3518.01817033
12,CA_A6-Weekday-SDon-040000_X14_307,X14,405043,2646.0,12:10:00,20160125.0,8608.79721276,13.0,1987.5439806,2439.58411604
13,CA_A6-Weekday-SDon-039000_X14_306,X14,405043,2224.0,12:15:00,20160125.0,12101.2764612,10.0,1680.09688562,2046.93093583
14,CA_A6-Weekday-SDon-041000_X14_308,X14,405043,2213.0,12:15:00,20160125.0,6343.43196254,19.0,2640.89553896,3218.01817033
15,CA_A6-Weekday-SDon-040000_X14_307,X14,405043,2646.0,12:15:00,20160125.0,11200.6740149,10.0,1625.24770301,2139.58411604
16,CA_A6-Weekday-SDon-039000_X14_306,X14,405043,2224.0,12:20:00,20160125.0,14600.3294784,9.0,1470.00508864,1746.93093583
17,CA_A6-Weekday-SDon-041000_X14_308,X14,405043,2213.0,12:20:00,20160125.0,8192.72953597,14.0,2125.1983252,2918.01817033
18,CA_A6-Weekday-SDon-040000_X14_307,X14,405043,2646.0,12:20:00,20160125.0,13792.550817,9.0,1381.94772591,1839.58411604
19,CA_A6-Weekday-SDon-039000_X14_306,X14,405043,2224.0,12:25:00,20160125.0,17099.3824957,6.0,926.937894938,1446.93093583
20,CA_A6-Weekday-SDon-041000_X14_308,X14,405043,2213.0,12:25:00,20160125.0,10042.0271094,11.0,1844.09738081,2618.01817033
21,CA_A6-Weekday-SDon-040000_X14_307,X14,405043,2646.0,12:25:00,20160125.0,16384.427619,8.0,1317.92639091,1539.58411604
22,CA_A6-Weekday-SDon-039000_X14_306,X14,405043,2224.0,12:30:00,20160125.0,19598.4355129,5.0,822.72195783,1146.93093583
23,CA_A6-Weekday-SDon-041000_X14_308,X14,405043,2213.0,12:30:00,20160125.0,11891.3246828,10.0,1667.31024099,2318.01817033
24,CA_A6-Weekday-SDon-040000_X14_307,X14,405043,2646.0,12:30:00,20160125.0,18976.3044211,5.0,790.595785023,1239.58411604
25,CA_A6-Weekday-SDon-037800_X14_305,X14,903205,2221.0,12:00:00,20160125.0,9544.695,11.0,1727.2860919,1825.58536837
26,CA_A6-Weekday-SDon-036300_X14_304,X14,903205,2647.0,12:00:00,20160125.0,18038.7777778,4.0,552.986014494,998.593388703
27,CA_A6-Weekday-SDon-041000_X14_308,X14,903205,2213.0,12:00:00,20160125.0,1233.33809524,33.0,3433.73472727,3981.20443975
28,CA_A6-Weekday-SDon-039000_X14_306,X14,903205,2224.0,12:00:00,20160125.0,5928.17483871,19.0,2467.56679739,2798.97768207
29,CA_A6-Weekday-SDon-040000_X14_307,X14,903205,2646.0,12:00:00,20160125.0,4498.70112903,23.0,2763.18491028,2885.69453139
30,CA_A6-Weekday-SDon-039000_X14_306,X14,903205,2224.0,12:05:00,20160125.0,7103.17042672,16.0,2292.90977146,2498.97768207
31,CA_A6-Weekday-SDon-036300_X14_304,X14,903205,2647.0,12:05:00,20160125.0,22637.3107692,2.0,201.07774136,698.593388703
32,CA_A6-Weekday-SDon-040000_X14_307,X14,903205,2646.0,12:05:00,20160125.0,6020.32746032,19.0,2490.25731353,2585.69453139
33,CA_A6-Weekday-SDon-041000_X14_308,X14,903205,2213.0,12:05:00,20160125.0,2644.83681567,29.0,3200.11638796,3681.20443975
34,CA_A6-Weekday-SDon-039000_X14_306,X14,903205,2224.0,12:10:00,20160125.0,9602.22344397,10.0,1575.91018926,2198.97768207
35,CA_A6-Weekday-SDon-040000_X14_307,X14,903205,2646.0,12:10:00,20160125.0,8608.79721276,12.0,1798.34706606,2285.69453139
36,CA_A6-Weekday-SDon-041000_X14_308,X14,903205,2213.0,12:10:00,20160125.0,4494.1343891,23.0,2762.22856128,3381.20443975
37,CA_A6-Weekday-SDon-039000_X14_306,X14,903205,2224.0,12:15:00,20160125.0,12101.2764612,9.0,1490.89997108,1898.97768207
38,CA_A6-Weekday-SDon-040000_X14_307,X14,903205,2646.0,12:15:00,20160125.0,11200.6740149,9.0,1436.05078847,1985.69453139
39,CA_A6-Weekday-SDon-041000_X14_308,X14,903205,2213.0,12:15:00,20160125.0,6343.43196254,18.0,2451.69862442,3081.20443975
40,CA_A6-Weekday-SDon-039000_X14_306,X14,903205,2224.0,12:20:00,20160125.0,14600.3294784,8.0,1280.8081741,1598.97768207
41,CA_A6-Weekday-SDon-040000_X14_307,X14,903205,2646.0,12:20:00,20160125.0,13792.550817,8.0,1192.75081137,1685.69453139
42,CA_A6-Weekday-SDon-041000_X14_308,X14,903205,2213.0,12:20:00,20160125.0,8192.72953597,13.0,1936.00141066,2781.20443975
43,CA_A6-Weekday-SDon-039000_X14_306,X14,903205,2224.0,12:25:00,20160125.0,17099.3824957,5.0,737.740980398,1298.97768207
44,CA_A6-Weekday-SDon-040000_X14_307,X14,903205,2646.0,12:25:00,20160125.0,16384.427619,7.0,1128.72947637,1385.69453139
45,CA_A6-Weekday-SDon-041000_X14_308,X14,903205,2213.0,12:25:00,20160125.0,10042.0271094,10.0,1654.90046627,2481.20443975
46,CA_A6-Weekday-SDon-039000_X14_306,X14,903205,2224.0,12:30:00,20160125.0,19598.4355129,4.0,633.52504329,998.977682067
47,CA_A6-Weekday-SDon-040000_X14_307,X14,903205,2646.0,12:30:00,20160125.0,18976.3044211,4.0,601.398870483,1085.69453139
48,CA_A6-Weekday-SDon-041000_X14_308,X14,903205,2213.0,12:30:00,20160125.0,11891.3246828,9.0,1478.11332645,2181.20443975
49,CA_A6-Weekday-SDon-039000_X14_306,X14,803071,2224.0,12:00:00,20160125.0,5928.17483871,26.0,3259.78633332,3443.7134366
50,CA_A6-Weekday-SDon-039000_X14_306,X14,803071,2224.0,12:05:00,20160125.0,7103.17042672,23.0,3085.12930739,3143.7134366
51,CA_A6-Weekday-SDon-039000_X14_306,X14,803071,2224.0,12:10:00,20160125.0,9602.22344397,17.0,2368.1297252,2843.7134366
52,CA_A6-Weekday-SDon-039000_X14_306,X14,803071,2224.0,12:15:00,20160125.0,12101.2764612,16.0,2283.11950701,2543.7134366
53,CA_A6-Weekday-SDon-039000_X14_306,X14,803071,2224.0,12:20:00,20160125.0,14600.3294784,15.0,2073.02771003,2243.7134366
54,CA_A6-Weekday-SDon-039000_X14_306,X14,803071,2224.0,12:25:00,20160125.0,17099.3824957,12.0,1529.96051633,1943.7134366
55,CA_A6-Weekday-SDon-039000_X14_306,X14,803071,2224.0,12:30:00,20160125.0,19598.4355129,11.0,1425.74457922,1643.7134366
0,MA_A6-Weekday-SDon-042500_X1011_602,X11,202669,2872.0,12:10:00,20160126.0,903.287741935,2.0,109.798111146,108.471266591
1,CA_A6-Weekday-SDon-043500_X1011_315,X11,202669,2582.0,12:25:00,20160126.0,1328.84584615,1.0,46.9093166351,49.3194605963
2,MA_A6-Weekday-SDon-044500_X1011_603,X11,202669,2849.0,12:25:00,20160126.0,7.96,4.0,236.963297802,356.394736084
3,MA_A6-Weekday-SDon-044500_X1011_603,X11,202669,2849.0,12:30:00,20160126.0,1120.56489362,1.0,12.7050133589,56.3947360843
4,CA_A6-Weekday-SDon-041000_X1011_309,X11,201948,2224.0,12:05:00,20160126.0,2472.74571429,4.0,280.884266518,517.624071703
5,MA_A6-Weekday-SDon-042500_X1011_602,X11,201948,2872.0,12:10:00,20160126.0,903.287741935,8.0,560.186604084,807.436932707
6,CA_A6-Weekday-SDon-041000_X1011_309,X11,201948,2224.0,12:10:00,20160126.0,3675.913125,2.0,196.773171727,217.624071703
7,MA_A6-Weekday-SDon-042500_X1011_602,X11,201948,2872.0,12:15:00,20160126.0,2798.23125,4.0,322.286774591,507.436932707
8,MA_A6-Weekday-SDon-042500_X1011_602,X11,201948,2872.0,12:20:00,20160126.0,3824.26396825,1.0,44.9216051699,207.436932707
9,CA_A6-Weekday-SDon-043500_X1011_315,X11,201948,2582.0,12:25:00,20160126.0,1328.84584615,7.0,497.297809572,615.571981887
10,MA_A6-Weekday-SDon-044500_X1011_603,X11,201948,2849.0,12:25:00,20160126.0,7.96,10.0,687.351790739,931.883982191
11,CA_A6-Weekday-SDon-043500_X1011_315,X11,201948,2582.0,12:30:00,20160126.0,3244.93947917,2.0,124.985286138,315.571981887
12,MA_A6-Weekday-SDon-044500_X1011_603,X11,201948,2849.0,12:30:00,20160126.0,1120.56489362,7.0,463.093506296,631.883982191
13,CA_A6-Weekday-SDon-041000_X1011_309,X11,202589,2224.0,12:05:00,20160126.0,2472.74571429,2.0,83.0272354816,205.352409306
14,MA_A6-Weekday-SDon-042500_X1011_602,X11,202589,2872.0,12:10:00,20160126.0,903.287741935,6.0,362.329573048,441.320239403
15,MA_A6-Weekday-SDon-042500_X1011_602,X11,202589,2872.0,12:15:00,20160126.0,2798.23125,2.0,124.429743555,141.320239403
16,CA_A6-Weekday-SDon-043500_X1011_315,X11,202589,2582.0,12:25:00,20160126.0,1328.84584615,5.0,299.440778536,290.391790702
17,MA_A6-Weekday-SDon-044500_X1011_603,X11,202589,2849.0,12:25:00,20160126.0,7.96,8.0,489.494759703,634.810033407
18,MA_A6-Weekday-SDon-044500_X1011_603,X11,202589,2849.0,12:30:00,20160126.0,1120.56489362,5.0,265.23647526,334.810033407
19,CA_A6-Weekday-SDon-041000_X1011_309,X11,201951,2224.0,12:05:00,20160126.0,2472.74571429,6.0,454.632092213,790.630199786
20,MA_A6-Weekday-SDon-042500_X1011_602,X11,201951,2872.0,12:10:00,20160126.0,903.287741935,10.0,733.934429779,1019.22070565
21,CA_A6-Weekday-SDon-041000_X1011_309,X11,201951,2224.0,12:10:00,20160126.0,3675.913125,4.0,370.520997422,490.630199786
22,MA_A6-Weekday-SDon-042500_X1011_602,X11,201951,2872.0,12:15:00,20160126.0,2798.23125,6.0,496.034600286,719.220705653
23,CA_A6-Weekday-SDon-041000_X1011_309,X11,201951,2224.0,12:15:00,20160126.0,4278.92387097,2.0,134.949957421,190.630199786
24,MA_A6-Weekday-SDon-042500_X1011_602,X11,201951,2872.0,12:20:00,20160126.0,3824.26396825,3.0,218.669430865,419.220705653
25,CA_A6-Weekday-SDon-043500_X1011_315,X11,201951,2582.0,12:25:00,20160126.0,1328.84584615,9.0,671.045635268,806.88337334
26,MA_A6-Weekday-SDon-044500_X1011_603,X11,201951,2849.0,12:25:00,20160126.0,7.96,12.0,861.099616435,1130.06137615
27,MA_A6-Weekday-SDon-042500_X1011_602,X11,201951,2872.0,12:25:00,20160126.0,4350.380625,2.0,153.510857058,119.220705653
28,CA_A6-Weekday-SDon-043500_X1011_315,X11,201951,2582.0,12:30:00,20160126.0,3244.93947917,4.0,298.733111834,506.88337334
29,MA_A6-Weekday-SDon-044500_X1011_603,X11,201951,2849.0,12:30:00,20160126.0,1120.56489362,9.0,636.841331992,830.061376153
30,CA_A6-Weekday-SDon-041000_X14_308,X14,203723,2581.0,12:00:00,20160126.0,2445.63588235,16.0,1193.62428448,1899.76726045
31,CA_A6-Weekday-SDon-040000_X14_307,X14,203723,2661.0,12:00:00,20160126.0,4937.77603604,9.0,731.738342793,845.806900408
32,CA_A6-Weekday-SDon-041000_X14_308,X14,203723,2581.0,12:05:00,20160126.0,3614.7340625,13.0,1028.72409366,1599.76726045
33,CA_A6-Weekday-SDon-042000_X14_309,X14,203723,2647.0,12:05:00,20160126.0,1462.80650794,19.0,1385.67197068,2012.46921336
34,CA_A6-Weekday-SDon-040000_X14_307,X14,203723,2661.0,12:05:00,20160126.0,6401.43193548,5.0,484.087343517,545.806900408
35,CA_A6-Weekday-SDon-041000_X14_308,X14,203723,2581.0,12:10:00,20160126.0,4969.86746032,9.0,737.015880565,1299.76726045
36,CA_A6-Weekday-SDon-042000_X14_309,X14,203723,2647.0,12:10:00,20160126.0,2945.10650794,15.0,1122.37476524,1712.46921336
37,CA_A6-Weekday-SDon-041000_X14_308,X14,203723,2581.0,12:15:00,20160126.0,6161.84968254,5.0,431.13375499,999.767260452
38,CA_A6-Weekday-SDon-042000_X14_309,X14,203723,2647.0,12:15:00,20160126.0,4205.75285714,11.0,858.446572286,1412.46921336
39,MA_A6-Weekday-SDon-043000_MISC_651,X14,203723,2862.0,12:15:00,20160126.0,460.869157895,23.0,1597.60361443,2527.55008613
40,CA_A6-Weekday-SDon-041000_X14_308,X14,203723,2581.0,12:20:00,20160126.0,6841.29096774,3.0,242.861398107,699.767260452
41,CA_A6-Weekday-SDon-042000_X14_309,X14,203723,2647.0,12:20:00,20160126.0,5568.84206349,8.0,688.051786557,1112.46921336
42,MA_A6-Weekday-SDon-043000_MISC_651,X14,203723,2862.0,12:20:00,20160126.0,1770.7906383,18.0,1316.75401348,2227.55008613
43,CA_A6-Weekday-SDon-042000_X14_309,X14,203723,2647.0,12:25:00,20160126.0,6696.61914894,4.0,413.345040267,812.469213359
44,MA_A6-Weekday-SDon-043000_MISC_651,X14,203723,2862.0,12:25:00,20160126.0,3189.63444444,15.0,1163.92405164,1927.55008613
45,CA_A6-Weekday-SDon-041000_X14_308,X14,203723,2581.0,12:30:00,20160126.0,7760.73625,1.0,38.4768198958,99.7672604519
46,CA_A6-Weekday-SDon-042000_X14_309,X14,203723,2647.0,12:30:00,20160126.0,7021.08489362,3.0,290.657562823,512.469213359
47,MA_A6-Weekday-SDon-043000_MISC_651,X14,203723,2862.0,12:30:00,20160126.0,3920.35978723,12.0,952.601477716,1627.55008613
48,MA_A6-Weekday-SDon-043000_MISC_651,X14,200428,2862.0,12:15:00,20160126.0,460.869157895,1.0,34.2292195973,65.1429750702
49,CA_A6-Weekday-SDon-041000_X14_308,X14,903101,2581.0,12:00:00,20160126.0,2445.63588235,33.0,3674.91621977,6197.0
50,CA_A6-Weekday-SDon-037800_X14_305,X14,903101,2214.0,12:00:00,20160126.0,8680.86293578,16.0,2308.10617051,2963.79425959
51,CA_A6-Weekday-SDon-041000_X14_308,X14,903101,2581.0,12:05:00,20160126.0,3614.7340625,30.0,3510.01602896,5897.0
52,CA_A6-Weekday-SDon-042000_X14_309,X14,903101,2647.0,12:05:00,20160126.0,1462.80650794,36.0,3866.96390598,5915.0
53,CA_A6-Weekday-SDon-037800_X14_305,X14,903101,2214.0,12:05:00,20160126.0,9013.83603175,16.0,2349.21798971,2663.79425959
54,CA_A6-Weekday-SDon-041000_X14_308,X14,903101,2581.0,12:10:00,20160126.0,4969.86746032,26.0,3218.30781586,5597.0
55,CA_A6-Weekday-SDon-042000_X14_309,X14,903101,2647.0,12:10:00,20160126.0,2945.10650794,32.0,3603.66670054,5615.0
56,CA_A6-Weekday-SDon-037800_X14_305,X14,903101,2214.0,12:10:00,20160126.0,9382.64,16.0,2394.75380701,2363.79425959
57,CA_A6-Weekday-SDon-041000_X14_308,X14,903101,2581.0,12:15:00,20160126.0,6161.84968254,22.0,2912.42569029,5297.0
58,CA_A6-Weekday-SDon-042000_X14_309,X14,903101,2647.0,12:15:00,20160126.0,4205.75285714,28.0,3339.73850758,5315.0
59,CA_A6-Weekday-SDon-037800_X14_305,X14,903101,2214.0,12:15:00,20160126.0,10073.0174194,13.0,1868.23460899,2063.79425959
60,MA_A6-Weekday-SDon-043000_MISC_651,X14,903101,2862.0,12:15:00,20160126.0,460.869157895,40.0,4078.89554973,6372.34082067
61,CA_A6-Weekday-SDon-041000_X14_308,X14,903101,2581.0,12:20:00,20160126.0,6841.29096774,20.0,2724.15333341,4997.0
62,CA_A6-Weekday-SDon-042000_X14_309,X14,903101,2647.0,12:20:00,20160126.0,5568.84206349,25.0,3169.34372186,5015.0
63,CA_A6-Weekday-SDon-037800_X14_305,X14,903101,2214.0,12:20:00,20160126.0,10641.8564516,13.0,1902.87848107,1763.79425959
64,MA_A6-Weekday-SDon-043000_MISC_651,X14,903101,2862.0,12:20:00,20160126.0,1770.7906383,35.0,3798.04594878,6072.34082067
65,CA_A6-Weekday-SDon-041000_X14_308,X14,903101,2581.0,12:25:00,20160126.0,8655.34086957,16.0,2304.95498927,4697.0
66,CA_A6-Weekday-SDon-042000_X14_309,X14,903101,2647.0,12:25:00,20160126.0,6696.61914894,21.0,2894.63697557,4715.0
67,CA_A6-Weekday-SDon-037800_X14_305,X14,903101,2214.0,12:25:00,20160126.0,13869.5545455,12.0,1702.00635179,1463.79425959
68,MA_A6-Weekday-SDon-043000_MISC_651,X14,903101,2862.0,12:25:00,20160126.0,3189.63444444,32.0,3645.21598694,5772.34082067
69,CA_A6-Weekday-SDon-041000_X14_308,X14,903101,2581.0,12:30:00,20160126.0,7760.73625,18.0,2519.76875519,4397.0
70,CA_A6-Weekday-SDon-042000_X14_309,X14,903101,2647.0,12:30:00,20160126.0,7021.08489362,20.0,2771.94949812,4415.0
71,CA_A6-Weekday-SDon-037800_X14_305,X14,903101,2214.0,12:30:00,20160126.0,17742.3431579,8.0,1038.53968268,1163.79425959
72,MA_A6-Weekday-SDon-043000_MISC_651,X14,903101,2862.0,12:30:00,20160126.0,3920.35978723,29.0,3433.89341302,5472.34082067
0,CA_A6-Weekday-SDon-037500_MISC_433,X11,450402,2667.0,12:00:00,20160127.0,20799.4230769,3.0,1036.28939997,1020.59093908
1,MA_A6-Weekday-SDon-039500_X1011_601,X11,450402,2897.0,12:00:00,20160127.0,7383.53977662,6.0,2610.6304167,2622.84189652
2,CA_A6-Weekday-SDon-037500_MISC_433,X11,450402,2667.0,12:05:00,20160127.0,24318.5269231,3.0,1307.78212984,720.590939081
3,MA_A6-Weekday-SDon-039500_X1011_601,X11,450402,2897.0,12:05:00,20160127.0,8793.4839315,4.0,1712.34320543,2322.84189652
4,CA_A6-Weekday-SDon-037500_MISC_433,X11,450402,2667.0,12:10:00,20160127.0,27811.49125,3.0,1577.25824134,420.590939081
5,CA_A6-Weekday-SDon-041000_X1011_309,X11,450402,2648.0,12:10:00,20160127.0,4214.61142857,14.0,3275.29013713,3687.14125225
6,MA_A6-Weekday-SDon-039500_X1011_601,X11,450402,2897.0,12:10:00,20160127.0,10555.0869474,4.0,1834.93581356,2022.84189652
7,MA_A6-Weekday-SDon-042500_X1011_602,X11,450402,2631.0,12:15:00,20160127.0,1216.28232558,21.0,3809.60557853,4606.03714838
8,CA_A6-Weekday-SDon-037500_MISC_433,X11,450402,2667.0,12:15:00,20160127.0,29213.2933846,1.0,8.14590774934,120.590939081
9,CA_A6-Weekday-SDon-041000_X1011_309,X11,450402,2648.0,12:15:00,20160127.0,5785.6659375,10.0,3021.67116585,3387.14125225
10,MA_A6-Weekday-SDon-039500_X1011_601,X11,450402,2897.0,12:15:00,20160127.0,12288.1783871,4.0,1955.54425814,1722.84189652
11,MA_A6-Weekday-SDon-042500_X1011_602,X11,450402,2631.0,12:20:00,20160127.0,3243.37625,16.0,3455.51806618,4306.03714838
12,CA_A6-Weekday-SDon-041000_X1011_309,X11,450402,2648.0,12:20:00,20160127.0,7162.983125,6.0,2562.57741571,3087.14125225
13,MA_A6-Weekday-SDon-039500_X1011_601,X11,450402,2897.0,12:20:00,20160127.0,13996.0895833,4.0,2074.40037164,1422.84189652
14,CA_A6-Weekday-SDon-045500_X1011_318,X11,450402,2581.0,12:20:00,20160127.0,60.796933423,24.0,4040.98519966,5862.9701627
15,CA_A6-Weekday-SDon-045500_X1011_318,X11,450402,2581.0,12:25:00,20160127.0,268.059206456,24.0,4130.58010365,5562.9701627
16,CA_A6-Weekday-SDon-043500_X1011_315,X11,450402,2645.0,12:25:00,20160127.0,1047.35903226,21.0,3781.86466663,4278.99205063
17,MA_A6-Weekday-SDon-044500_X1011_603,X11,450402,2890.0,12:25:00,20160127.0,11.94,24.0,4019.86542618,4826.08720041
18,MA_A6-Weekday-SDon-042500_X1011_602,X11,450402,2631.0,12:25:00,20160127.0,4480.66875,13.0,3171.75129695,4006.03714838
19,CA_A6-Weekday-SDon-041000_X1011_309,X11,450402,2648.0,12:25:00,20160127.0,8375.0271875,4.0,1683.22217011,2787.14125225
20,MA_A6-Weekday-SDon-039500_X1011_601,X11,450402,2897.0,12:25:00,20160127.0,19228.2406061,3.0,915.075410052,1122.84189652
21,CA_A6-Weekday-SDon-045500_X1011_318,X11,450402,2581.0,12:30:00,20160127.0,475.321479489,23.0,3950.26827554,5262.9701627
22,CA_A6-Weekday-SDon-043500_X1011_315,X11,450402,2645.0,12:30:00,20160127.0,3039.38802083,17.0,3552.76948773,3978.99205063
23,MA_A6-Weekday-SDon-044500_X1011_603,X11,450402,2890.0,12:30:00,20160127.0,1300.84446809,21.0,3823.49253811,4526.08720041
24,MA_A6-Weekday-SDon-042500_X1011_602,X11,450402,2631.0,12:30:00,20160127.0,6190.37354839,8.0,2771.44114674,3706.03714838
25,CA_A6-Weekday-SDon-041000_X1011_309,X11,450402,2648.0,12:30:00,20160127.0,10291.4931915,4.0,1816.59192692,2487.14125225
26,MA_A6-Weekday-SDon-039500_X1011_601,X11,450402,2897.0,12:30:00,20160127.0,22990.9341935,3.0,1205.36066401,822.841896521
27,CA_A6-Weekday-SDon-037500_MISC_433,X11,400070,2667.0,12:00:00,20160127.0,20799.4230769,2.0,859.013566755,894.452950173
28,CA_A6-Weekday-SDon-037500_MISC_433,X11,400070,2667.0,12:05:00,20160127.0,24318.5269231,2.0,1130.50629662,594.452950173
29,CA_A6-Weekday-SDon-037500_MISC_433,X11,400070,2667.0,12:10:00,20160127.0,27811.49125,2.0,1399.98240813,294.452950173
30,CA_A6-Weekday-SDon-041000_X1011_309,X11,400070,2648.0,12:10:00,20160127.0,4214.61142857,13.0,3098.01430392,3442.41189073
31,MA_A6-Weekday-SDon-042500_X1011_602,X11,400070,2631.0,12:15:00,20160127.0,1216.28232558,20.0,3632.32974532,4419.97240974
32,CA_A6-Weekday-SDon-041000_X1011_309,X11,400070,2648.0,12:15:00,20160127.0,5785.6659375,9.0,2844.39533264,3142.41189073
33,MA_A6-Weekday-SDon-042500_X1011_602,X11,400070,2631.0,12:20:00,20160127.0,3243.37625,15.0,3278.24223297,4119.97240974
34,CA_A6-Weekday-SDon-041000_X1011_309,X11,400070,2648.0,12:20:00,20160127.0,7162.983125,5.0,2385.3015825,2842.41189073
35,CA_A6-Weekday-SDon-043500_X1011_315,X11,400070,2645.0,12:25:00,20160127.0,1047.35903226,20.0,3604.58883342,4102.5511811
36,MA_A6-Weekday-SDon-044500_X1011_603,X11,400070,2890.0,12:25:00,20160127.0,11.94,23.0,3842.58959297,4520.6048442
37,MA_A6-Weekday-SDon-042500_X1011_602,X11,400070,2631.0,12:25:00,20160127.0,4480.66875,12.0,2994.47546373,3819.97240974
38,CA_A6-Weekday-SDon-041000_X1011_309,X11,400070,2648.0,12:25:00,20160127.0,8375.0271875,3.0,1505.9463369,2542.41189073
39,CA_A6-Weekday-SDon-043500_X1011_315,X11,400070,2645.0,12:30:00,20160127.0,3039.38802083,16.0,3375.49365452,3802.5511811
40,MA_A6-Weekday-SDon-044500_X1011_603,X11,400070,2890.0,12:30:00,20160127.0,1300.84446809,20.0,3646.2167049,4220.6048442
41,MA_A6-Weekday-SDon-042500_X1011_602,X11,400070,2631.0,12:30:00,20160127.0,6190.37354839,7.0,2594.16531353,3519.97240974
42,CA_A6-Weekday-SDon-041000_X1011_309,X11,400070,2648.0,12:30:00,20160127.0,10291.4931915,3.0,1639.31609371,2242.41189073
43,CA_A6-Weekday-SDon-041000_X1011_309,X11,201950,2648.0,12:10:00,20160127.0,4214.61142857,1.0,43.1578516573,44.8031065932
44,MA_A6-Weekday-SDon-042500_X1011_602,X11,201950,2631.0,12:15:00,20160127.0,1216.28232558,8.0,577.473293056,580.09831394
45,MA_A6-Weekday-SDon-042500_X1011_602,X11,201950,2631.0,12:20:00,20160127.0,3243.37625,3.0,223.385780705,280.09831394
46,CA_A6-Weekday-SDon-043500_X1011_315,X11,201950,2645.0,12:25:00,20160127.0,1047.35903226,8.0,549.732381153,547.590188232
47,MA_A6-Weekday-SDon-044500_X1011_603,X11,201950,2890.0,12:25:00,20160127.0,11.94,11.0,787.733140701,1055.16508719
48,CA_A6-Weekday-SDon-043500_X1011_315,X11,201950,2645.0,12:30:00,20160127.0,3039.38802083,4.0,320.637202257,247.590188232
49,MA_A6-Weekday-SDon-044500_X1011_603,X11,201950,2890.0,12:30:00,20160127.0,1300.84446809,8.0,591.360252631,755.165087187
50,CA_A6-Weekday-SDon-045500_X1011_318,X11,202669,2581.0,12:20:00,20160127.0,60.796933423,4.0,259.803537405,1468.92499897
51,CA_A6-Weekday-SDon-045500_X1011_318,X11,202669,2581.0,12:25:00,20160127.0,268.059206456,4.0,349.398441387,1168.92499897
52,CA_A6-Weekday-SDon-043500_X1011_315,X11,202669,2645.0,12:25:00,20160127.0,1047.35903226,1.0,0.683004369955,99.1836173579
53,MA_A6-Weekday-SDon-044500_X1011_603,X11,202669,2890.0,12:25:00,20160127.0,11.94,4.0,238.683763918,337.0
54,CA_A6-Weekday-SDon-045500_X1011_318,X11,202669,2581.0,12:30:00,20160127.0,475.321479489,3.0,169.086613277,868.924998965
55,MA_A6-Weekday-SDon-044500_X1011_603,X11,202669,2890.0,12:30:00,20160127.0,1300.84446809,1.0,42.3108758479,37.0
56,CA_A6-Weekday-SDon-036300_X14_304,X14,402144,2661.0,12:00:00,20160127.0,24206.7245045,11.0,1509.09585552,1029.90848551
57,CA_A6-Weekday-SDon-037800_X14_305,X14,402144,2224.0,12:00:00,20160127.0,13415.8735047,19.0,3061.86866885,2677.00463679
58,CA_A6-Weekday-SDon-039000_X14_306,X14,402144,2669.0,12:00:00,20160127.0,8313.68827068,22.0,3252.81638989,3505.95993777
59,CA_A6-Weekday-SDon-040000_X14_307,X14,402144,2193.0,12:00:00,20160127.0,5015.00989105,32.0,4215.77650199,5291.11162953
60,CA_A6-Weekday-SDon-036300_X14_304,X14,402144,2661.0,12:05:00,20160127.0,27444.8866667,7.0,1022.77515485,729.908485507
61,CA_A6-Weekday-SDon-037800_X14_305,X14,402144,2224.0,12:05:00,20160127.0,15809.5978037,17.0,2534.88590912,2377.00463679
62,CA_A6-Weekday-SDon-039000_X14_306,X14,402144,2669.0,12:05:00,20160127.0,9462.1243609,21.0,3171.49517782,3205.95993777
63,CA_A6-Weekday-SDon-040000_X14_307,X14,402144,2193.0,12:05:00,20160127.0,6264.76319844,28.0,3925.21698467,4991.11162953
64,CA_A6-Weekday-SDon-041000_X14_308,X14,402144,2666.0,12:10:00,20160127.0,5226.45536082,31.0,4090.26236219,5117.23151034
65,CA_A6-Weekday-SDon-036300_X14_304,X14,402144,2661.0,12:10:00,20160127.0,30648.8038947,2.0,375.107975309,429.908485507
66,CA_A6-Weekday-SDon-042000_X14_309,X14,402144,2196.0,12:10:00,20160127.0,3107.27691489,38.0,4621.26696726,5811.48300558
67,CA_A6-Weekday-SDon-037800_X14_305,X14,402144,2224.0,12:10:00,20160127.0,18358.5916842,14.0,2060.40695463,2077.00463679
68,CA_A6-Weekday-SDon-039000_X14_306,X14,402144,2669.0,12:10:00,20160127.0,10564.5925532,19.0,2888.21776416,2905.95993777
69,CA_A6-Weekday-SDon-040000_X14_307,X14,402144,2193.0,12:10:00,20160127.0,7393.14731959,25.0,3639.96660477,4691.11162953
70,CA_A6-Weekday-SDon-041000_X14_308,X14,402144,2666.0,12:15:00,20160127.0,6189.645,28.0,3908.6140096,4817.23151034
71,CA_A6-Weekday-SDon-036300_X14_304,X14,402144,2661.0,12:15:00,20160127.0,33137.9606452,2.0,513.649702342,129.908485507
72,CA_A6-Weekday-SDon-042000_X14_309,X14,402144,2196.0,12:15:00,20160127.0,4509.194375,33.0,4256.28846316,5511.48300558
73,CA_A6-Weekday-SDon-037800_X14_305,X14,402144,2224.0,12:15:00,20160127.0,22831.0381818,12.0,1713.63606828,1777.00463679
74,CA_A6-Weekday-SDon-039000_X14_306,X14,402144,2669.0,12:15:00,20160127.0,13872.9392063,18.0,2692.42018801,2605.95993777
75,MA_A6-Weekday-SDon-043000_MISC_651,X14,402144,2703.0,12:15:00,20160127.0,482.431875,46.0,5072.83611256,6482.87437525
76,CA_A6-Weekday-SDon-040000_X14_307,X14,402144,2193.0,12:15:00,20160127.0,8699.91016129,22.0,3300.50277877,4391.11162953
77,CA_A6-Weekday-SDon-041000_X14_308,X14,402144,2666.0,12:20:00,20160127.0,7663.213125,24.0,3492.91681581,4517.23151034
78,CA_A6-Weekday-SDon-042000_X14_309,X14,402144,2196.0,12:20:00,20160127.0,6228.88225806,28.0,3917.28641164,5211.48300558
79,CA_A6-Weekday-SDon-037800_X14_305,X14,402144,2224.0,12:20:00,20160127.0,26162.3183871,11.0,1670.66494583,1477.00463679
80,CA_A6-Weekday-SDon-039000_X14_306,X14,402144,2669.0,12:20:00,20160127.0,17274.2815789,15.0,2293.55519584,2305.95993777
81,MA_A6-Weekday-SDon-043000_MISC_651,X14,402144,2703.0,12:20:00,20160127.0,1706.9530303,41.0,4778.36217595,6182.87437525
82,CA_A6-Weekday-SDon-040000_X14_307,X14,402144,2193.0,12:20:00,20160127.0,9726.58848485,20.0,3089.15268362,4091.11162953
83,CA_A6-Weekday-SDon-041000_X14_308,X14,402144,2666.0,12:25:00,20160127.0,9206.28,22.0,3363.02370166,4217.23151034
84,CA_A6-Weekday-SDon-042000_X14_309,X14,402144,2196.0,12:25:00,20160127.0,7073.75,26.0,3775.99478446,4911.48300558
85,CA_A6-Weekday-SDon-037800_X14_305,X14,402144,2224.0,12:25:00,20160127.0,26815.681875,10.0,1490.17622556,1177.00463679
86,CA_A6-Weekday-SDon-044000_X14_310,X14,402144,2585.0,12:25:00,20160127.0,458.333125,46.0,5068.48223801,6112.89460317
87,CA_A6-Weekday-SDon-039000_X14_306,X14,402144,2669.0,12:25:00,20160127.0,21488.05625,13.0,1917.38919508,2005.95993777
88,MA_A6-Weekday-SDon-043000_MISC_651,X14,402144,2703.0,12:25:00,20160127.0,3354.45,37.0,4554.33203298,5882.87437525
89,CA_A6-Weekday-SDon-040000_X14_307,X14,402144,2193.0,12:25:00,20160127.0,10012.0783871,20.0,3140.42766888,3791.11162953
90,CA_A6-Weekday-SDon-041000_X14_308,X14,402144,2666.0,12:30:00,20160127.0,9822.61290323,20.0,3106.39900511,3917.23151034
91,CA_A6-Weekday-SDon-042000_X14_309,X14,402144,2196.0,12:30:00,20160127.0,8008.4783871,24.0,3552.73730227,4611.48300558
92,CA_A6-Weekday-SDon-037800_X14_305,X14,402144,2224.0,12:30:00,20160127.0,27797.6246875,5.0,819.146754955,877.004636785
93,CA_A6-Weekday-SDon-044000_X14_310,X14,402144,2585.0,12:30:00,20160127.0,1748.84083333,41.0,4784.74573921,5812.89460317
94,CA_A6-Weekday-SDon-039000_X14_306,X14,402144,2669.0,12:30:00,20160127.0,25840.47,11.0,1644.07417379,1705.95993777
95,MA_A6-Weekday-SDon-043000_MISC_651,X14,402144,2703.0,12:30:00,20160127.0,3685.506,35.0,4373.07251107,5582.87437525
96,CA_A6-Weekday-SDon-040000_X14_307,X14,402144,2193.0,12:30:00,20160127.0,10535.7338298,19.0,2886.460188,3491.11162953
97,CA_A6-Weekday-SDon-036300_X14_304,X14,402145,2661.0,12:00:00,20160127.0,24206.7245045,12.0,1680.50351253,1066.53464892
98,CA_A6-Weekday-SDon-037800_X14_305,X14,402145,2224.0,12:00:00,20160127.0,13415.8735047,20.0,3233.27632586,2749.74296073
99,CA_A6-Weekday-SDon-039000_X14_306,X14,402145,2669.0,12:00:00,20160127.0,8313.68827068,23.0,3424.2240469,3638.22466296
100,CA_A6-Weekday-SDon-040000_X14_307,X14,402145,2193.0,12:00:00,20160127.0,5015.00989105,33.0,4387.18415899,5509.79747527
101,CA_A6-Weekday-SDon-036300_X14_304,X14,402145,2661.0,12:05:00,20160127.0,27444.8866667,8.0,1194.18281185,766.534648922
102,CA_A6-Weekday-SDon-037800_X14_305,X14,402145,2224.0,12:05:00,20160127.0,15809.5978037,18.0,2706.29356612,2449.74296073
103,CA_A6-Weekday-SDon-039000_X14_306,X14,402145,2669.0,12:05:00,20160127.0,9462.1243609,22.0,3342.90283482,3338.22466296
104,CA_A6-Weekday-SDon-040000_X14_307,X14,402145,2193.0,12:05:00,20160127.0,6264.76319844,29.0,4096.62464167,5209.79747527
105,CA_A6-Weekday-SDon-041000_X14_308,X14,402145,2666.0,12:10:00,20160127.0,5226.45536082,32.0,4261.67001919,5223.98352642
106,CA_A6-Weekday-SDon-036300_X14_304,X14,402145,2661.0,12:10:00,20160127.0,30648.8038947,3.0,546.515632313,466.534648922
107,CA_A6-Weekday-SDon-042000_X14_309,X14,402145,2196.0,12:10:00,20160127.0,3107.27691489,39.0,4792.67462427,6021.84355828
108,CA_A6-Weekday-SDon-037800_X14_305,X14,402145,2224.0,12:10:00,20160127.0,18358.5916842,15.0,2231.81461163,2149.74296073
109,CA_A6-Weekday-SDon-039000_X14_306,X14,402145,2669.0,12:10:00,20160127.0,10564.5925532,20.0,3059.62542116,3038.22466296
110,CA_A6-Weekday-SDon-040000_X14_307,X14,402145,2193.0,12:10:00,20160127.0,7393.14731959,26.0,3811.37426178,4909.79747527
111,CA_A6-Weekday-SDon-041000_X14_308,X14,402145,2666.0,12:15:00,20160127.0,6189.645,29.0,4080.02166661,4923.98352642
112,CA_A6-Weekday-SDon-036300_X14_304,X14,402145,2661.0,12:15:00,20160127.0,33137.9606452,3.0,685.057359346,166.534648922
113,CA_A6-Weekday-SDon-042000_X14_309,X14,402145,2196.0,12:15:00,20160127.0,4509.194375,34.0,4427.69612017,5721.84355828
114,CA_A6-Weekday-SDon-037800_X14_305,X14,402145,2224.0,12:15:00,20160127.0,22831.0381818,13.0,1885.04372529,1849.74296073
115,CA_A6-Weekday-SDon-039000_X14_306,X14,402145,2669.0,12:15:00,20160127.0,13872.9392063,19.0,2863.82784501,2738.22466296
116,MA_A6-Weekday-SDon-043000_MISC_651,X14,402145,2703.0,12:15:00,20160127.0,482.431875,47.0,5244.24376956,6588.46530664
117,CA_A6-Weekday-SDon-040000_X14_307,X14,402145,2193.0,12:15:00,20160127.0,8699.91016129,23.0,3471.91043577,4609.79747527
118,CA_A6-Weekday-SDon-041000_X14_308,X14,402145,2666.0,12:20:00,20160127.0,7663.213125,25.0,3664.32447282,4623.98352642
119,CA_A6-Weekday-SDon-042000_X14_309,X14,402145,2196.0,12:20:00,20160127.0,6228.88225806,29.0,4088.69406864,5421.84355828
120,CA_A6-Weekday-SDon-037800_X14_305,X14,402145,2224.0,12:20:00,20160127.0,26162.3183871,12.0,1842.07260283,1549.74296073
121,CA_A6-Weekday-SDon-039000_X14_306,X14,402145,2669.0,12:20:00,20160127.0,17274.2815789,16.0,2464.96285284,2438.22466296
122,MA_A6-Weekday-SDon-043000_MISC_651,X14,402145,2703.0,12:20:00,20160127.0,1706.9530303,42.0,4949.76983296,6288.46530664
123,CA_A6-Weekday-SDon-040000_X14_307,X14,402145,2193.0,12:20:00,20160127.0,9726.58848485,21.0,3260.56034063,4309.79747527
124,CA_A6-Weekday-SDon-041000_X14_308,X14,402145,2666.0,12:25:00,20160127.0,9206.28,23.0,3534.43135866,4323.98352642
125,CA_A6-Weekday-SDon-042000_X14_309,X14,402145,2196.0,12:25:00,20160127.0,7073.75,27.0,3947.40244146,5121.84355828
126,CA_A6-Weekday-SDon-037800_X14_305,X14,402145,2224.0,12:25:00,20160127.0,26815.681875,11.0,1661.58388257,1249.74296073
127,CA_A6-Weekday-SDon-044000_X14_310,X14,402145,2585.0,12:25:00,20160127.0,458.333125,47.0,5239.88989501,6266.15627657
128,CA_A6-Weekday-SDon-039000_X14_306,X14,402145,2669.0,12:25:00,20160127.0,21488.05625,14.0,2088.79685208,2138.22466296
129,MA_A6-Weekday-SDon-043000_MISC_651,X14,402145,2703.0,12:25:00,20160127.0,3354.45,38.0,4725.73968998,5988.46530664
130,CA_A6-Weekday-SDon-040000_X14_307,X14,402145,2193.0,12:25:00,20160127.0,10012.0783871,21.0,3311.83532588,4009.79747527
131,CA_A6-Weekday-SDon-041000_X14_308,X14,402145,2666.0,12:30:00,20160127.0,9822.61290323,21.0,3277.80666212,4023.98352642
132,CA_A6-Weekday-SDon-042000_X14_309,X14,402145,2196.0,12:30:00,20160127.0,8008.4783871,25.0,3724.14495927,4821.84355828
133,CA_A6-Weekday-SDon-037800_X14_305,X14,402145,2224.0,12:30:00,20160127.0,27797.6246875,6.0,990.554411959,949.742960729
134,CA_A6-Weekday-SDon-044000_X14_310,X14,402145,2585.0,12:30:00,20160127.0,1748.84083333,42.0,4956.15339621,5966.15627657
135,CA_A6-Weekday-SDon-039000_X14_306,X14,402145,2669.0,12:30:00,20160127.0,25840.47,12.0,1815.4818308,1838.22466296
136,MA_A6-Weekday-SDon-043000_MISC_651,X14,402145,2703.0,12:30:00,20160127.0,3685.506,36.0,4544.48016807,5688.46530664
137,CA_A6-Weekday-SDon-040000_X14_307,X14,402145,2193.0,12:30:00,20160127.0,10535.7338298,20.0,3057.867845,3709.79747527
0,MA_A6-Weekday-SDon-042500_X1011_602,X11,201944,2856.0,12:00:00,20160128.0,12.8801574803,7.0,429.886247148,981.0
1,CA_A6-Weekday-SDon-041000_X1011_309,X11,201944,2225.0,12:00:00,20160128.0,993.487765957,5.0,325.923084288,281.866759504
2,MA_A6-Weekday-SDon-042500_X1011_602,X11,201944,2856.0,12:05:00,20160128.0,23.88,7.0,434.641236177,681.0
3,MA_A6-Weekday-SDon-042500_X1011_602,X11,201944,2856.0,12:10:00,20160128.0,1097.41612903,4.0,199.699552109,381.0
4,MA_A6-Weekday-SDon-042500_X1011_602,X11,201944,2856.0,12:15:00,20160128.0,2920.79333333,1.0,78.284534199,81.0
5,CA_A6-Weekday-SDon-043500_X1011_315,X11,201944,2657.0,12:20:00,20160128.0,341.168842105,7.0,571.798196423,589.183625096
6,CA_A6-Weekday-SDon-043500_X1011_315,X11,201944,2657.0,12:25:00,20160128.0,1433.10617021,4.0,254.827223823,289.183625096
7,MA_A6-Weekday-SDon-046500_X1242_602,X11,201944,2890.0,12:30:00,20160128.0,70.5068085106,7.0,454.796975909,1613.1916838
8,MA_A6-Weekday-SDon-044500_X1011_603,X11,201944,2634.0,12:30:00,20160128.0,1190.14052632,4.0,214.926933046,286.06932409
9,MA_A6-Weekday-SDon-042500_X1011_602,X11,203609,2856.0,12:00:00,20160128.0,12.8801574803,15.0,1082.6522731,1776.64678267
10,CA_A6-Weekday-SDon-041000_X1011_309,X11,203609,2225.0,12:00:00,20160128.0,993.487765957,13.0,978.689110244,941.554781848
11,MA_A6-Weekday-SDon-042500_X1011_602,X11,203609,2856.0,12:05:00,20160128.0,23.88,15.0,1087.40726213,1476.64678267
12,CA_A6-Weekday-SDon-041000_X1011_309,X11,203609,2225.0,12:05:00,20160128.0,3043.51712,8.0,616.177504409,641.554781848
13,MA_A6-Weekday-SDon-042500_X1011_602,X11,203609,2856.0,12:10:00,20160128.0,1097.41612903,12.0,852.465578065,1176.64678267
14,CA_A6-Weekday-SDon-041000_X1011_309,X11,203609,2225.0,12:10:00,20160128.0,4326.305625,5.0,366.683154423,341.554781848
15,MA_A6-Weekday-SDon-042500_X1011_602,X11,203609,2856.0,12:15:00,20160128.0,2920.79333333,9.0,731.050560155,876.646782672
16,CA_A6-Weekday-SDon-041000_X1011_309,X11,203609,2225.0,12:15:00,20160128.0,5713.28758065,1.0,71.3183454508,41.5547818482
17,CA_A6-Weekday-SDon-043500_X1011_315,X11,203609,2657.0,12:20:00,20160128.0,341.168842105,15.0,1224.56422238,1160.98004298
18,MA_A6-Weekday-SDon-042500_X1011_602,X11,203609,2856.0,12:20:00,20160128.0,3837.59,6.0,442.315530695,576.646782672
19,CA_A6-Weekday-SDon-043500_X1011_315,X11,203609,2657.0,12:25:00,20160128.0,1433.10617021,12.0,907.593249779,860.980042984
20,MA_A6-Weekday-SDon-042500_X1011_602,X11,203609,2856.0,12:25:00,20160128.0,4584.276,4.0,263.220694903,276.646782672
21,CA_A6-Weekday-SDon-043500_X1011_315,X11,203609,2657.0,12:30:00,20160128.0,3021.37770833,8.0,610.667829038,560.980042984
22,MA_A6-Weekday-SDon-046500_X1242_602,X11,203609,2890.0,12:30:00,20160128.0,70.5068085106,15.0,1107.56300186,2358.0
23,MA_A6-Weekday-SDon-044500_X1011_603,X11,203609,2634.0,12:30:00,20160128.0,1190.14052632,12.0,867.692959002,1094.28723738
24,MA_A6-Weekday-SDon-042500_X1011_602,X11,201947,2856.0,12:00:00,20160128.0,12.8801574803,9.0,573.554777698,1135.29607714
25,CA_A6-Weekday-SDon-041000_X1011_309,X11,201947,2225.0,12:00:00,20160128.0,993.487765957,7.0,469.591614837,435.092006033
26,MA_A6-Weekday-SDon-042500_X1011_602,X11,201947,2856.0,12:05:00,20160128.0,23.88,9.0,578.309766726,835.296077142
27,CA_A6-Weekday-SDon-041000_X1011_309,X11,201947,2225.0,12:05:00,20160128.0,3043.51712,2.0,107.080009003,135.092006033
28,MA_A6-Weekday-SDon-042500_X1011_602,X11,201947,2856.0,12:10:00,20160128.0,1097.41612903,6.0,343.368082659,535.296077142
29,MA_A6-Weekday-SDon-042500_X1011_602,X11,201947,2856.0,12:15:00,20160128.0,2920.79333333,3.0,221.953064749,235.296077142
30,CA_A6-Weekday-SDon-043500_X1011_315,X11,201947,2657.0,12:20:00,20160128.0,341.168842105,9.0,715.466726973,700.691456545
31,CA_A6-Weekday-SDon-043500_X1011_315,X11,201947,2657.0,12:25:00,20160128.0,1433.10617021,6.0,398.495754373,400.691456545
32,CA_A6-Weekday-SDon-043500_X1011_315,X11,201947,2657.0,12:30:00,20160128.0,3021.37770833,2.0,101.570333632,100.691456545
33,MA_A6-Weekday-SDon-046500_X1242_602,X11,201947,2890.0,12:30:00,20160128.0,70.5068085106,9.0,598.465506458,1780.50572082
34,MA_A6-Weekday-SDon-044500_X1011_603,X11,201947,2634.0,12:30:00,20160128.0,1190.14052632,6.0,358.595463595,490.832951328
35,MA_A6-Weekday-SDon-042500_X1011_602,X11,201934,2856.0,12:00:00,20160128.0,12.8801574803,2.0,90.0035638444,561.461857708
36,MA_A6-Weekday-SDon-042500_X1011_602,X11,201934,2856.0,12:05:00,20160128.0,23.88,2.0,94.7585528732,261.461857708
37,CA_A6-Weekday-SDon-043500_X1011_315,X11,201934,2657.0,12:20:00,20160128.0,341.168842105,2.0,231.915513119,180.892122623
38,MA_A6-Weekday-SDon-046500_X1242_602,X11,201934,2890.0,12:30:00,20160128.0,70.5068085106,2.0,114.914292605,1269.31328911
39,CA_A6-Weekday-SDon-039000_X14_306,X14,402144,2220.0,12:00:00,20160128.0,8437.90178295,22.0,3268.15289462,3515.82179387
40,CA_A6-Weekday-SDon-034800_X14_303,X14,402144,2653.0,12:00:00,20160128.0,28225.954252,3.0,584.228773011,571.55691175
41,CA_A6-Weekday-SDon-036300_X14_304,X14,402144,2662.0,12:00:00,20160128.0,24245.0907937,11.0,1512.2656376,1401.32763647
42,CA_A6-Weekday-SDon-037800_X14_305,X14,402144,2214.0,12:00:00,20160128.0,12475.2206504,19.0,3004.58030551,3315.93818403
43,CA_A6-Weekday-SDon-039000_X14_306,X14,402144,2220.0,12:05:00,20160128.0,9839.82,20.0,3109.48945989,3215.82179387
44,CA_A6-Weekday-SDon-034800_X14_303,X14,402144,2653.0,12:05:00,20160128.0,32450.663937,2.0,475.39607572,271.55691175
45,CA_A6-Weekday-SDon-036300_X14_304,X14,402144,2662.0,12:05:00,20160128.0,26410.2846875,10.0,1312.79851219,1101.32763647
46,CA_A6-Weekday-SDon-037800_X14_305,X14,402144,2214.0,12:05:00,20160128.0,11356.4108511,19.0,2936.44169092,3015.93818403
47,CA_A6-Weekday-SDon-036300_X14_304,X14,402144,2662.0,12:10:00,20160128.0,27399.5734921,7.0,994.86911153,801.327636473
48,CA_A6-Weekday-SDon-042000_X14_309,X14,402144,2645.0,12:10:00,20160128.0,506.085,46.0,5077.1094769,6292.32265234
49,CA_A6-Weekday-SDon-037800_X14_305,X14,402144,2214.0,12:10:00,20160128.0,15103.6572581,18.0,2826.58291238,2715.93818403
50,CA_A6-Weekday-SDon-039000_X14_306,X14,402144,2220.0,12:10:00,20160128.0,10904.618125,19.0,2908.92626296,2915.82179387
51,CA_A6-Weekday-SDon-036300_X14_304,X14,402144,2662.0,12:15:00,20160128.0,29744.4607937,2.0,324.773959575,501.327636473
52,CA_A6-Weekday-SDon-042000_X14_309,X14,402144,2645.0,12:15:00,20160128.0,1938.38666667,41.0,4813.63190008,5992.32265234
53,CA_A6-Weekday-SDon-037800_X14_305,X14,402144,2214.0,12:15:00,20160128.0,16997.090625,15.0,2190.68477088,2415.93818403
54,CA_A6-Weekday-SDon-039000_X14_306,X14,402144,2220.0,12:15:00,20160128.0,14515.9469231,18.0,2762.51558228,2615.82179387
55,MA_A6-Weekday-SDon-043000_MISC_651,X14,402144,2866.0,12:15:00,20160128.0,1000.915625,44.0,4957.91711683,5975.29088426
56,CA_A6-Weekday-SDon-036300_X14_304,X14,402144,2662.0,12:20:00,20160128.0,32852.0291579,2.0,497.735299983,201.327636473
57,CA_A6-Weekday-SDon-042000_X14_309,X14,402144,2645.0,12:20:00,20160128.0,3456.6859375,36.0,4465.10006581,5692.32265234
58,CA_A6-Weekday-SDon-037800_X14_305,X14,402144,2214.0,12:20:00,20160128.0,20498.4954687,14.0,2170.90925821,2115.93818403
59,CA_A6-Weekday-SDon-039000_X14_306,X14,402144,2220.0,12:20:00,20160128.0,16547.6183333,17.0,2643.69549258,2315.82179387
60,MA_A6-Weekday-SDon-043000_MISC_651,X14,402144,2866.0,12:20:00,20160128.0,1910.42301587,41.0,4809.37033178,5675.29088426
61,CA_A6-Weekday-SDon-042000_X14_309,X14,402144,2645.0,12:25:00,20160128.0,4935.96354167,32.0,4202.777076,5392.32265234
62,CA_A6-Weekday-SDon-037800_X14_305,X14,402144,2214.0,12:25:00,20160128.0,25242.651129,11.0,1594.68301338,1815.93818403
63,CA_A6-Weekday-SDon-039000_X14_306,X14,402144,2220.0,12:25:00,20160128.0,18809.050625,14.0,2083.66816431,2015.82179387
64,MA_A6-Weekday-SDon-043000_MISC_651,X14,402144,2866.0,12:25:00,20160128.0,3283.93333333,37.0,4536.21961317,5375.29088426
65,CA_A6-Weekday-SDon-042000_X14_309,X14,402144,2645.0,12:30:00,20160128.0,5796.58114583,30.0,4048.62654336,5092.32265234
66,CA_A6-Weekday-SDon-037800_X14_305,X14,402144,2214.0,12:30:00,20160128.0,26629.1450476,10.0,1408.55879721,1515.93818403
67,CA_A6-Weekday-SDon-044000_X14_310,X14,402144,2659.0,12:30:00,20160128.0,1341.55105263,43.0,4945.63880348,7080.0267786
68,CA_A6-Weekday-SDon-039000_X14_306,X14,402144,2220.0,12:30:00,20160128.0,23481.771134,12.0,1786.36619314,1715.82179387
69,MA_A6-Weekday-SDon-043000_MISC_651,X14,402144,2866.0,12:30:00,20160128.0,4498.62905263,33.0,4254.07591424,5075.29088426
70,CA_A6-Weekday-SDon-041000_X14_308,X14,203617,2224.0,12:00:00,20160128.0,2617.0609375,7.0,449.397716497,394.917045342
71,CA_A6-Weekday-SDon-041000_X14_308,X14,203617,2224.0,12:05:00,20160128.0,4309.27568421,2.0,111.726432243,94.9170453423
72,CA_A6-Weekday-SDon-039000_X14_306,X14,404299,2220.0,12:00:00,20160128.0,8437.90178295,28.0,4249.23537855,4267.72380277
73,CA_A6-Weekday-SDon-041000_X14_308,X14,404299,2224.0,12:00:00,20160128.0,2617.0609375,45.0,5668.47106009,6901.7142585
74,CA_A6-Weekday-SDon-034800_X14_303,X14,404299,2653.0,12:00:00,20160128.0,28225.954252,9.0,1565.31125695,1138.49291339
75,CA_A6-Weekday-SDon-036300_X14_304,X14,404299,2662.0,12:00:00,20160128.0,24245.0907937,17.0,2493.34812154,2197.1274681
76,CA_A6-Weekday-SDon-037800_X14_305,X14,404299,2214.0,12:00:00,20160128.0,12475.2206504,25.0,3985.66278945,4197.75657231
77,CA_A6-Weekday-SDon-039000_X14_306,X14,404299,2220.0,12:05:00,20160128.0,9839.82,26.0,4090.57194383,3967.72380277
78,CA_A6-Weekday-SDon-041000_X14_308,X14,404299,2224.0,12:05:00,20160128.0,4309.27568421,40.0,5330.79977584,6601.7142585
79,CA_A6-Weekday-SDon-034800_X14_303,X14,404299,2653.0,12:05:00,20160128.0,32450.663937,8.0,1456.47855966,838.492913386
80,CA_A6-Weekday-SDon-036300_X14_304,X14,404299,2662.0,12:05:00,20160128.0,26410.2846875,16.0,2293.88099613,1897.1274681
81,CA_A6-Weekday-SDon-037800_X14_305,X14,404299,2214.0,12:05:00,20160128.0,11356.4108511,25.0,3917.52417486,3897.75657231
82,CA_A6-Weekday-SDon-041000_X14_308,X14,404299,2224.0,12:10:00,20160128.0,5667.39935484,36.0,5003.49852743,6301.7142585
83,CA_A6-Weekday-SDon-036300_X14_304,X14,404299,2662.0,12:10:00,20160128.0,27399.5734921,13.0,1975.95159547,1597.1274681
84,CA_A6-Weekday-SDon-042000_X14_309,X14,404299,2645.0,12:10:00,20160128.0,506.085,52.0,6058.19196084,7635.61352758
85,CA_A6-Weekday-SDon-037800_X14_305,X14,404299,2214.0,12:10:00,20160128.0,15103.6572581,24.0,3807.66539632,3597.75657231
86,CA_A6-Weekday-SDon-034800_X14_303,X14,404299,2653.0,12:10:00,20160128.0,33758.4177419,6.0,903.174119415,538.492913386
87,CA_A6-Weekday-SDon-039000_X14_306,X14,404299,2220.0,12:10:00,20160128.0,10904.618125,25.0,3890.0087469,3667.72380277
88,CA_A6-Weekday-SDon-041000_X14_308,X14,404299,2224.0,12:15:00,20160128.0,6852.37182796,32.0,4698.22640609,6001.7142585
89,CA_A6-Weekday-SDon-036300_X14_304,X14,404299,2662.0,12:15:00,20160128.0,29744.4607937,8.0,1305.85644351,1297.1274681
90,CA_A6-Weekday-SDon-042000_X14_309,X14,404299,2645.0,12:15:00,20160128.0,1938.38666667,47.0,5794.71438402,7335.61352758
91,CA_A6-Weekday-SDon-037800_X14_305,X14,404299,2214.0,12:15:00,20160128.0,16997.090625,21.0,3171.76725482,3297.75657231
92,CA_A6-Weekday-SDon-034800_X14_303,X14,404299,2653.0,12:15:00,20160128.0,35000.2710769,3.0,441.055267133,238.492913386
93,CA_A6-Weekday-SDon-039000_X14_306,X14,404299,2220.0,12:15:00,20160128.0,14515.9469231,24.0,3743.59806622,3367.72380277
94,CA_A6-Weekday-SDon-041000_X14_308,X14,404299,2224.0,12:20:00,20160128.0,7212.84765957,31.0,4559.07589032,5701.7142585
95,CA_A6-Weekday-SDon-036300_X14_304,X14,404299,2662.0,12:20:00,20160128.0,32852.0291579,8.0,1478.81778392,997.127468097
96,CA_A6-Weekday-SDon-042000_X14_309,X14,404299,2645.0,12:20:00,20160128.0,3456.6859375,42.0,5446.18254975,7035.61352758
97,CA_A6-Weekday-SDon-037800_X14_305,X14,404299,2214.0,12:20:00,20160128.0,20498.4954687,20.0,3151.99174215,2997.75657231
98,CA_A6-Weekday-SDon-039000_X14_306,X14,404299,2220.0,12:20:00,20160128.0,16547.6183333,23.0,3624.77797652,3067.72380277
99,CA_A6-Weekday-SDon-041000_X14_308,X14,404299,2224.0,12:25:00,20160128.0,8137.09172043,29.0,4380.99199775,5401.7142585
100,CA_A6-Weekday-SDon-036300_X14_304,X14,404299,2662.0,12:25:00,20160128.0,33770.055,6.0,915.098528459,697.127468097
101,CA_A6-Weekday-SDon-042000_X14_309,X14,404299,2645.0,12:25:00,20160128.0,4935.96354167,38.0,5183.85955994,6735.61352758
102,CA_A6-Weekday-SDon-037800_X14_305,X14,404299,2214.0,12:25:00,20160128.0,25242.651129,17.0,2575.76549732,2697.75657231
103,CA_A6-Weekday-SDon-039000_X14_306,X14,404299,2220.0,12:25:00,20160128.0,18809.050625,20.0,3064.75064825,2767.72380277
104,CA_A6-Weekday-SDon-041000_X14_308,X14,404299,2224.0,12:30:00,20160128.0,9351.79297872,28.0,4362.07251184,5101.7142585
105,CA_A6-Weekday-SDon-036300_X14_304,X14,404299,2662.0,12:30:00,20160128.0,34464.8539806,4.0,634.676221403,397.127468097
106,CA_A6-Weekday-SDon-042000_X14_309,X14,404299,2645.0,12:30:00,20160128.0,5796.58114583,36.0,5029.7090273,6435.61352758
107,CA_A6-Weekday-SDon-037800_X14_305,X14,404299,2214.0,12:30:00,20160128.0,26629.1450476,16.0,2389.64128115,2397.75657231
108,CA_A6-Weekday-SDon-039000_X14_306,X14,404299,2220.0,12:30:00,20160128.0,23481.771134,18.0,2767.44867708,2467.72380277
0,MA_A6-Weekday-SDon-042500_X1011_602,X11,201947,2845.0,12:10:00,20160129.0,498.434713376,8.0,508.121242516,543.216139467
1,MA_A6-Weekday-SDon-042500_X1011_602,X11,201947,2845.0,12:15:00,20160129.0,2286.36774194,4.0,272.721422688,243.216139467
2,CA_A6-Weekday-SDon-043500_X1011_315,X11,201947,2670.0,12:20:00,20160129.0,1874.0725,5.0,326.368562798,459.0
3,MA_A6-Weekday-SDon-044500_X1011_603,X11,201947,2896.0,12:20:00,20160129.0,3.98,9.0,569.707436147,1075.23042858
4,CA_A6-Weekday-SDon-043500_X1011_315,X11,201947,2670.0,12:25:00,20160129.0,2947.1484375,2.0,83.0974314875,159.0
5,MA_A6-Weekday-SDon-046500_X1242_602,X11,201947,2705.0,12:25:00,20160129.0,214.455298246,9.0,660.69125998,2140.76501428
6,MA_A6-Weekday-SDon-044500_X1011_603,X11,201947,2896.0,12:25:00,20160129.0,0.770322580645,9.0,568.319963473,775.230428582
7,MA_A6-Weekday-SDon-044500_X1011_603,X11,201947,2896.0,12:30:00,20160129.0,1105.85125,6.0,344.753314637,475.230428582
8,CA_A6-Weekday-SDon-037500_MISC_433,X11,404891,2653.0,12:00:00,20160129.0,22032.13125,5.0,1377.10133914,975.203608942
9,CA_A6-Weekday-SDon-041000_X1011_309,X11,404891,2224.0,12:00:00,20160129.0,989.015714286,24.0,4160.76353576,3675.73348156
10,MA_A6-Weekday-SDon-039500_X1011_601,X11,404891,2855.0,12:00:00,20160129.0,6650.13096774,9.0,2918.01087337,2636.48129485
11,CA_A6-Weekday-SDon-037500_MISC_433,X11,404891,2653.0,12:05:00,20160129.0,26482.2046875,5.0,1720.4167508,675.203608942
12,CA_A6-Weekday-SDon-041000_X1011_309,X11,404891,2224.0,12:05:00,20160129.0,3358.41171875,18.0,3720.39033735,3375.73348156
13,MA_A6-Weekday-SDon-039500_X1011_601,X11,404891,2855.0,12:05:00,20160129.0,7949.1683871,7.0,2776.4050064,2336.48129485
14,MA_A6-Weekday-SDon-042500_X1011_602,X11,404891,2845.0,12:10:00,20160129.0,498.434713376,25.0,4200.54895186,4062.03346214
15,CA_A6-Weekday-SDon-037500_MISC_433,X11,404891,2653.0,12:10:00,20160129.0,28798.718125,5.0,1899.1317261,375.203608942
16,CA_A6-Weekday-SDon-041000_X1011_309,X11,404891,2224.0,12:10:00,20160129.0,4450.29225806,15.0,3408.93338925,3075.73348156
17,MA_A6-Weekday-SDon-039500_X1011_601,X11,404891,2855.0,12:10:00,20160129.0,11338.5787097,6.0,2135.17083735,2036.48129485
18,MA_A6-Weekday-SDon-042500_X1011_602,X11,404891,2845.0,12:15:00,20160129.0,2286.36774194,21.0,3965.14913203,3762.03346214
19,CA_A6-Weekday-SDon-037500_MISC_433,X11,404891,2653.0,12:15:00,20160129.0,29851.0065625,2.0,230.880975468,75.2036089416
20,CA_A6-Weekday-SDon-041000_X1011_309,X11,404891,2224.0,12:15:00,20160129.0,6198.16875,10.0,3018.68005205,2775.73348156
21,MA_A6-Weekday-SDon-039500_X1011_601,X11,404891,2855.0,12:15:00,20160129.0,12897.5,6.0,2243.65851881,1736.48129485
22,CA_A6-Weekday-SDon-043500_X1011_315,X11,404891,2670.0,12:20:00,20160129.0,1874.0725,22.0,4018.79627214,4106.68417597
23,MA_A6-Weekday-SDon-044500_X1011_603,X11,404891,2896.0,12:20:00,20160129.0,3.98,26.0,4262.13514549,4373.04032799
24,MA_A6-Weekday-SDon-042500_X1011_602,X11,404891,2845.0,12:20:00,20160129.0,3917.163125,17.0,3650.84634038,3462.03346214
25,CA_A6-Weekday-SDon-041000_X1011_309,X11,404891,2224.0,12:20:00,20160129.0,7604.04,8.0,2904.38177514,2475.73348156
26,MA_A6-Weekday-SDon-039500_X1011_601,X11,404891,2855.0,12:20:00,20160129.0,17169.6996774,6.0,2540.9673314,1436.48129485
27,CA_A6-Weekday-SDon-043500_X1011_315,X11,404891,2670.0,12:25:00,20160129.0,2947.1484375,19.0,3775.52514083,3806.68417597
28,MA_A6-Weekday-SDon-044500_X1011_603,X11,404891,2896.0,12:25:00,20160129.0,0.770322580645,26.0,4260.74767282,4073.04032799
29,MA_A6-Weekday-SDon-042500_X1011_602,X11,404891,2845.0,12:25:00,20160129.0,5024.959375,13.0,3292.05079,3162.03346214
30,CA_A6-Weekday-SDon-041000_X1011_309,X11,404891,2224.0,12:25:00,20160129.0,9108.67483871,6.0,1979.98846711,2175.73348156
31,MA_A6-Weekday-SDon-039500_X1011_601,X11,404891,2855.0,12:25:00,20160129.0,20651.685625,5.0,1270.60236453,1136.48129485
32,CA_A6-Weekday-SDon-043500_X1011_315,X11,404891,2670.0,12:30:00,20160129.0,3915.15948454,17.0,3650.21179281,3506.68417597
33,MA_A6-Weekday-SDon-044500_X1011_603,X11,404891,2896.0,12:30:00,20160129.0,1105.85125,23.0,4037.18102398,3773.04032799
34,MA_A6-Weekday-SDon-042500_X1011_602,X11,404891,2845.0,12:30:00,20160129.0,6550.99904762,10.0,3087.85263511,2862.03346214
35,CA_A6-Weekday-SDon-041000_X1011_309,X11,404891,2224.0,12:30:00,20160129.0,11839.1006452,6.0,2170.00291299,1875.73348156
36,MA_A6-Weekday-SDon-039500_X1011_601,X11,404891,2855.0,12:30:00,20160129.0,25707.6563636,5.0,1660.66169723,836.481294854
37,CA_A6-Weekday-SDon-041000_X1011_309,X11,201950,2224.0,12:00:00,20160129.0,989.015714286,9.0,682.920598734,593.548945427
38,CA_A6-Weekday-SDon-041000_X1011_309,X11,201950,2224.0,12:05:00,20160129.0,3358.41171875,3.0,242.547400329,293.548945427
39,MA_A6-Weekday-SDon-042500_X1011_602,X11,201950,2845.0,12:10:00,20160129.0,498.434713376,10.0,722.706014838,735.611692015
40,MA_A6-Weekday-SDon-042500_X1011_602,X11,201950,2845.0,12:15:00,20160129.0,2286.36774194,6.0,487.30619501,435.611692015
41,CA_A6-Weekday-SDon-043500_X1011_315,X11,201950,2670.0,12:20:00,20160129.0,1874.0725,7.0,540.95333512,770.674008811
42,MA_A6-Weekday-SDon-044500_X1011_603,X11,201950,2896.0,12:20:00,20160129.0,3.98,11.0,784.292208469,1263.95453905
43,MA_A6-Weekday-SDon-042500_X1011_602,X11,201950,2845.0,12:20:00,20160129.0,3917.163125,2.0,173.00340336,135.611692015
44,CA_A6-Weekday-SDon-043500_X1011_315,X11,201950,2670.0,12:25:00,20160129.0,2947.1484375,4.0,297.68220381,470.674008811
45,MA_A6-Weekday-SDon-046500_X1242_602,X11,201950,2705.0,12:25:00,20160129.0,214.455298246,11.0,875.276032302,2360.06914072
46,MA_A6-Weekday-SDon-044500_X1011_603,X11,201950,2896.0,12:25:00,20160129.0,0.770322580645,11.0,782.904735795,963.954539054
47,CA_A6-Weekday-SDon-043500_X1011_315,X11,201950,2670.0,12:30:00,20160129.0,3915.15948454,2.0,172.368855788,170.674008811
48,MA_A6-Weekday-SDon-044500_X1011_603,X11,201950,2896.0,12:30:00,20160129.0,1105.85125,8.0,559.338086959,663.954539054
49,CA_A6-Weekday-SDon-041000_X14_308,X14,203616,2210.0,12:00:00,20160129.0,3028.38629032,5.0,304.858065552,424.988147821
50,CA_A6-Weekday-SDon-041000_X14_308,X14,203616,2210.0,12:05:00,20160129.0,4099.34984375,1.0,6.29076635334,124.988147821
51,CA_A6-Weekday-SDon-042000_X14_309,X14,203616,2213.0,12:10:00,20160129.0,698.076969697,12.0,688.325566924,649.835488405
52,MA_A6-Weekday-SDon-043000_MISC_651,X14,203616,2815.0,12:10:00,20160129.0,40.47,14.0,803.571603088,945.980854951
53,CA_A6-Weekday-SDon-042000_X14_309,X14,203616,2213.0,12:15:00,20160129.0,2569.66064516,6.0,378.18311296,349.835488405
54,MA_A6-Weekday-SDon-043000_MISC_651,X14,203616,2815.0,12:15:00,20160129.0,1409.18064516,9.0,543.343598404,645.980854951
55,CA_A6-Weekday-SDon-042000_X14_309,X14,203616,2213.0,12:20:00,20160129.0,4374.991875,1.0,59.367225152,49.8354884048
56,MA_A6-Weekday-SDon-043000_MISC_651,X14,203616,2815.0,12:20:00,20160129.0,2850.83,5.0,274.688354622,345.980854951
57,CA_A6-Weekday-SDon-044000_X14_310,X14,203616,2646.0,12:25:00,20160129.0,862.50375,12.0,714.353690035,764.548675534
58,MA_A6-Weekday-SDon-043000_MISC_651,X14,203616,2815.0,12:25:00,20160129.0,4271.77387097,1.0,39.4920046954,45.9808549507
59,CA_A6-Weekday-SDon-044000_X14_310,X14,203616,2646.0,12:30:00,20160129.0,2632.20336842,6.0,386.365558467,464.548675534
60,CA_A6-Weekday-SDon-042000_X14_309,X14,201495,2213.0,12:10:00,20160129.0,698.076969697,7.0,354.74761512,327.470646275
61,MA_A6-Weekday-SDon-043000_MISC_651,X14,201495,2815.0,12:10:00,20160129.0,40.47,9.0,469.993651283,592.942853177
62,CA_A6-Weekday-SDon-042000_X14_309,X14,201495,2213.0,12:15:00,20160129.0,2569.66064516,1.0,44.6051611561,27.4706462753
63,MA_A6-Weekday-SDon-043000_MISC_651,X14,201495,2815.0,12:15:00,20160129.0,1409.18064516,4.0,209.7656466,292.942853177
