,stop_id,route_id,shape_id,direction_id,dist_along_route
0,200746,S42,S420059,0,0.0
1,200747,S42,S420059,0,197.89
2,200748,S42,S420059,0,299.64
3,200749,S42,S420059,0,447.1
4,200750,S42,S420059,0,745.05
5,200751,S42,S420059,0,908.79
6,200752,S42,S420059,0,1185.53
7,200753,S42,S420059,0,1490.82
8,200754,S42,S420059,0,1754.89
9,200755,S42,S420059,0,1904.77
10,200756,S42,S420059,0,2010.61
11,200757,S42,S420059,0,2286.57
12,200758,S42,S420059,0,2538.06
13,202608,S42,S420059,0,2748.49
14,200760,S42,S420059,0,2921.94
15,200761,S42,S420059,0,3051.31
16,200762,S42,S420059,0,3289.48
17,200763,S42,S420059,0,3401.33
18,200764,S42,S420059,0,3566.73
19,200765,S42,S420059,0,3908.57
20,203650,S42,S420059,0,4202.43
21,805014,S42,S420059,0,4610.1
22,202569,S44,S440045,0,0.21
23,201256,S44,S440045,0,200.14
24,200050,S44,S440045,0,450.09
25,200051,S44,S440045,0,664.3
26,200052,S44,S440045,0,894.27
27,200053,S44,S440045,0,1237.28
28,200054,S44,S440045,0,1546.54
29,200055,S44,S440045,0,1691.59
30,200056,S44,S440045,0,2015.67
31,200878,S44,S440045,0,2334.54
32,200879,S44,S440045,0,2446.96
33,200880,S44,S440045,0,2584.09
34,200881,S44,S440045,0,2719.8
35,203365,S44,S440045,0,3065.18
36,200883,S44,S440045,0,3295.61
37,200884,S44,S440045,0,3536.08
38,200886,S44,S440045,0,3824.25
39,200888,S44,S440045,0,4141.43
40,200889,S44,S440045,0,4300.74
41,200890,S44,S440045,0,4638.49
42,200891,S44,S440045,0,4807.51
43,200892,S44,S440045,0,4999.18
44,200893,S44,S440045,0,5244.73
45,200894,S44,S440045,0,5428.74
46,200895,S44,S440045,0,5562.8
47,200896,S44,S440045,0,5739.77
48,200897,S44,S440045,0,5916.98
49,200898,S44,S440045,0,6183.57
50,200899,S44,S440045,0,6402.02
51,202569,S44,S440109,0,0.21
52,201256,S44,S440109,0,200.14
53,200050,S44,S440109,0,450.09
54,200051,S44,S440109,0,664.3
55,200052,S44,S440109,0,894.27
56,200053,S44,S440109,0,1237.28
57,200054,S44,S440109,0,1546.54
58,200055,S44,S440109,0,1691.59
59,200056,S44,S440109,0,2015.67
60,200878,S44,S440109,0,2334.54
61,200879,S44,S440109,0,2446.96
62,200880,S44,S440109,0,2584.09
63,200881,S44,S440109,0,2719.8
64,203365,S44,S440109,0,3065.18
65,200883,S44,S440109,0,3295.61
66,200884,S44,S440109,0,3536.08
67,200886,S44,S440109,0,3824.25
68,200888,S44,S440109,0,4141.43
69,200889,S44,S440109,0,4300.74
70,200890,S44,S440109,0,4638.49
71,200891,S44,S440109,0,4807.51
72,200892,S44,S440109,0,4999.18
73,200893,S44,S440109,0,5244.73
74,200894,S44,S440109,0,5428.74
75,200895,S44,S440109,0,5562.8
76,200896,S44,S440109,0,5739.77
77,200897,S44,S440109,0,5916.98
78,200898,S44,S440109,0,6183.57
79,200899,S44,S440109,0,6402.02
80,200900,S44,S440109,0,6688.06
81,202782,S44,S440109,0,6985.22
82,203884,S44,S440109,0,7211.56
83,202622,S44,S440109,0,7510.87
84,202684,S44,S440109,0,7895.97
85,202685,S44,S440109,0,8184.53
86,200915,S44,S440109,0,8350.98
87,200916,S44,S440109,0,8490.83
88,203693,S44,S440109,0,8955.61
89,200437,S44,S440109,0,9219.47
90,200438,S44,S440109,0,9563.31
91,200439,S44,S440109,0,9845.88
92,200440,S44,S440109,0,10073.25
93,200441,S44,S440109,0,10290.39
94,200442,S44,S440109,0,10521.55
95,200443,S44,S440109,0,10863.4
96,200444,S44,S440109,0,11252.39
97,202650,S44,S440109,0,11398.46
98,200446,S44,S440109,0,11586.36
99,200447,S44,S440109,0,11894.84
100,202659,S44,S440109,0,12034.03
101,200930,S44,S440109,0,12386.24
102,203941,S44,S440109,0,12589.95
103,200451,S44,S440109,0,12839.12
104,200452,S44,S440109,0,13246.61
105,200453,S44,S440109,0,13513.43
106,200454,S44,S440109,0,14075.86
107,200455,S44,S440109,0,14647.98
108,200456,S44,S440109,0,15248.62
109,203831,S44,S440109,0,15386.02
110,202538,S46,S460191,0,0.1
111,200176,S46,S460191,0,280.9
112,200177,S46,S460191,0,634.82
113,905003,S46,S460191,0,759.35
114,200293,S46,S460191,0,896.73
115,203922,S46,S460191,0,1152.71
116,203573,S46,S460191,0,1223.26
117,200570,S46,S460191,0,1491.62
118,200297,S46,S460191,0,1872.47
119,200298,S46,S460191,0,2216.26
120,200299,S46,S460191,0,2465.23
121,200300,S46,S460191,0,2747.76
122,200301,S46,S460191,0,2971.41
123,200302,S46,S460191,0,3151.58
124,200303,S46,S460191,0,3352.32
125,200304,S46,S460191,0,3601.01
126,200306,S46,S460191,0,3707.94
127,200307,S46,S460191,0,3899.13
128,200308,S46,S460191,0,4176.0
129,200309,S46,S460191,0,4392.79
130,200310,S46,S460191,0,4668.05
131,200311,S46,S460191,0,4805.11
132,200312,S46,S460191,0,5004.12
133,200313,S46,S460191,0,5159.35
134,200314,S46,S460191,0,5363.14
135,200315,S46,S460191,0,5703.54
136,200316,S46,S460191,0,5963.37
137,200317,S46,S460191,0,6197.03
138,200318,S46,S460191,0,6440.46
139,200319,S46,S460191,0,6631.22
140,200320,S46,S460191,0,6769.22
141,200322,S46,S460191,0,7094.69
142,200323,S46,S460191,0,7303.54
143,202600,S46,S460191,0,7651.1
144,200327,S46,S460191,0,7909.71
145,200329,S46,S460191,0,8283.4
146,200330,S46,S460191,0,8489.92
147,200331,S46,S460191,0,8733.08
148,200332,S46,S460191,0,8908.81
149,200333,S46,S460191,0,9180.0
150,200334,S46,S460191,0,9545.92
151,200335,S46,S460191,0,9802.66
152,202830,S46,S460191,0,10173.86
153,203381,S46,S460191,0,10458.5
154,203382,S46,S460191,0,10873.28
155,203383,S46,S460191,0,11099.31
156,203576,S46,S460191,0,11887.95
157,203829,S46,S460191,0,12346.35
158,805040,S46,S460191,0,12548.31
159,203384,S46,S460191,0,12915.42
160,203577,S46,S460191,0,13644.35
161,905114,S46,S460191,0,14406.62
162,202538,S46,S460214,0,0.1
163,200176,S46,S460214,0,280.9
164,200177,S46,S460214,0,634.82
165,905003,S46,S460214,0,759.35
166,200293,S46,S460214,0,896.73
167,203922,S46,S460214,0,1152.71
168,203573,S46,S460214,0,1223.26
169,200570,S46,S460214,0,1491.62
170,200297,S46,S460214,0,1872.47
171,200298,S46,S460214,0,2216.26
172,200299,S46,S460214,0,2465.23
173,200300,S46,S460214,0,2747.76
174,200301,S46,S460214,0,2971.41
175,200302,S46,S460214,0,3151.58
176,200303,S46,S460214,0,3352.32
177,200304,S46,S460214,0,3601.01
178,200306,S46,S460214,0,3707.94
179,200307,S46,S460214,0,3899.13
180,200308,S46,S460214,0,4176.0
181,200309,S46,S460214,0,4392.79
182,200310,S46,S460214,0,4668.05
183,200311,S46,S460214,0,4805.11
184,200312,S46,S460214,0,5004.12
185,200313,S46,S460214,0,5159.35
186,200314,S46,S460214,0,5363.14
187,200315,S46,S460214,0,5703.54
188,200316,S46,S460214,0,5963.37
189,200317,S46,S460214,0,6197.03
190,200318,S46,S460214,0,6440.46
191,200319,S46,S460214,0,6631.22
192,200320,S46,S460214,0,6769.22
193,200322,S46,S460214,0,7094.69
194,200323,S46,S460214,0,7303.54
195,202600,S46,S460214,0,7651.1
196,200327,S46,S460214,0,7909.71
197,200329,S46,S460214,0,8283.4
198,200330,S46,S460214,0,8489.92
199,200331,S46,S460214,0,8733.08
200,200332,S46,S460214,0,8908.81
201,200333,S46,S460214,0,9180.0
202,200334,S46,S460214,0,9545.92
203,200335,S46,S460214,0,9802.66
204,202830,S46,S460214,0,10173.86
205,203381,S46,S460214,0,10458.5
206,203382,S46,S460214,0,10873.28
207,203383,S46,S460214,0,11099.31
208,203576,S46,S460214,0,11887.95
209,203829,S46,S460214,0,12346.35
210,805040,S46,S460214,0,12548.31
211,805138,S46,S460214,0,13056.26
212,905154,S46,S460214,0,13378.38
213,202538,S46,S460215,0,0.1
214,200176,S46,S460215,0,280.9
215,200177,S46,S460215,0,634.82
216,905003,S46,S460215,0,759.35
217,200293,S46,S460215,0,896.73
218,203922,S46,S460215,0,1152.71
219,203573,S46,S460215,0,1223.26
220,200570,S46,S460215,0,1491.62
221,200297,S46,S460215,0,1872.47
222,200298,S46,S460215,0,2216.26
223,200299,S46,S460215,0,2465.23
224,200300,S46,S460215,0,2747.76
225,200301,S46,S460215,0,2971.41
226,200302,S46,S460215,0,3151.58
227,200303,S46,S460215,0,3352.32
228,200304,S46,S460215,0,3601.01
229,200306,S46,S460215,0,3707.94
230,200307,S46,S460215,0,3899.13
231,200308,S46,S460215,0,4176.0
232,200309,S46,S460215,0,4392.79
233,200310,S46,S460215,0,4668.05
234,200311,S46,S460215,0,4805.11
235,200312,S46,S460215,0,5004.12
236,200313,S46,S460215,0,5159.35
237,200314,S46,S460215,0,5363.14
238,200315,S46,S460215,0,5703.54
239,200316,S46,S460215,0,5963.37
240,200317,S46,S460215,0,6197.03
241,200318,S46,S460215,0,6440.46
242,200319,S46,S460215,0,6631.22
243,200320,S46,S460215,0,6769.22
244,200322,S46,S460215,0,7094.69
245,200323,S46,S460215,0,7303.54
246,202600,S46,S460215,0,7651.1
247,200327,S46,S460215,0,7909.71
248,200329,S46,S460215,0,8283.4
249,200330,S46,S460215,0,8489.92
250,200331,S46,S460215,0,8733.08
251,200332,S46,S460215,0,8908.81
252,200333,S46,S460215,0,9180.0
253,200334,S46,S460215,0,9545.92
254,200335,S46,S460215,0,9802.66
255,202830,S46,S460215,0,10173.86
256,203381,S46,S460215,0,10458.5
257,203382,S46,S460215,0,10873.28
258,203383,S46,S460215,0,11099.31
259,203576,S46,S460215,0,11887.95
260,203829,S46,S460215,0,12346.35
261,805040,S46,S460215,0,12548.31
262,805138,S46,S460215,0,13056.26
263,905154,S46,S460215,0,13378.66
264,805139,S46,S460215,0,13712.5
265,203384,S46,S460215,0,13913.49
266,203577,S46,S460215,0,14642.42
267,905114,S46,S460215,0,15404.69
268,203420,S48,S480057,0,0.01
269,203427,S48,S480057,0,219.55
270,202809,S48,S480057,0,485.03
271,202823,S48,S480057,0,611.51
272,202824,S48,S480057,0,1134.69
273,203087,S48,S480057,0,1527.15
274,202830,S48,S480057,0,1764.04
275,203730,S48,S480057,0,2088.21
276,201484,S48,S480057,0,2299.46
277,201485,S48,S480057,0,2530.79
278,203537,S48,S480057,0,2870.98
279,201488,S48,S480057,0,3248.74
280,201489,S48,S480057,0,3371.77
281,200407,S48,S480057,0,3586.79
282,200408,S48,S480057,0,3902.77
283,201492,S48,S480057,0,4183.02
284,201493,S48,S480057,0,4376.01
285,201494,S48,S480057,0,4516.34
286,201495,S48,S480057,0,4757.46
287,201496,S48,S480057,0,4975.58
288,201497,S48,S480057,0,5151.7
289,201498,S48,S480057,0,5368.16
290,201499,S48,S480057,0,5632.03
291,201500,S48,S480057,0,5766.54
292,201501,S48,S480057,0,5980.25
293,201502,S48,S480057,0,6183.6
294,201503,S48,S480057,0,6432.89
295,201504,S48,S480057,0,6677.19
296,201505,S48,S480057,0,6899.51
297,201506,S48,S480057,0,7071.02
298,201507,S48,S480057,0,7331.92
299,201508,S48,S480057,0,7636.39
300,201509,S48,S480057,0,7826.57
301,201510,S48,S480057,0,7913.29
302,201511,S48,S480057,0,8227.6
303,201512,S48,S480057,0,8459.21
304,201513,S48,S480057,0,8766.82
305,200551,S48,S480057,0,9113.54
306,200552,S48,S480057,0,9338.06
307,200553,S48,S480057,0,9550.49
308,203972,S48,S480057,0,9893.25
309,200284,S48,S480057,0,10123.1
310,905002,S48,S480057,0,10303.3
311,200154,S48,S480057,0,10519.05
312,203650,S48,S480057,0,10799.38
313,805017,S48,S480057,0,11198.17
314,203637,S51,S510068,0,0.44
315,200176,S51,S510068,0,300.38
316,200177,S51,S510068,0,654.3
317,200178,S51,S510068,0,794.73
318,203190,S51,S510068,0,1080.76
319,200180,S51,S510068,0,1332.56
320,200181,S51,S510068,0,1604.29
321,201638,S51,S510068,0,1745.85
322,200183,S51,S510068,0,1826.95
323,200184,S51,S510068,0,2042.5
324,200185,S51,S510068,0,2166.45
325,203205,S51,S510068,0,2404.85
326,200187,S51,S510068,0,2630.7
327,200188,S51,S510068,0,2757.33
328,200189,S51,S510068,0,2890.75
329,200190,S51,S510068,0,3081.2
330,200191,S51,S510068,0,3267.39
331,200192,S51,S510068,0,3424.33
332,200193,S51,S510068,0,3708.68
333,200194,S51,S510068,0,3946.72
334,200195,S51,S510068,0,4310.73
335,200196,S51,S510068,0,4514.04
336,200197,S51,S510068,0,4852.4
337,200198,S51,S510068,0,5023.03
338,200200,S51,S510068,0,5552.35
339,200170,S51,S510068,0,5759.43
340,203226,S51,S510068,0,6915.67
341,203637,S51,S510073,0,0.44
342,200176,S51,S510073,0,300.38
343,200177,S51,S510073,0,654.3
344,200178,S51,S510073,0,794.73
345,203190,S51,S510073,0,1080.76
346,200180,S51,S510073,0,1332.56
347,200181,S51,S510073,0,1604.29
348,201638,S51,S510073,0,1745.85
349,200183,S51,S510073,0,1826.95
350,200184,S51,S510073,0,2042.5
351,200185,S51,S510073,0,2166.45
352,203205,S51,S510073,0,2404.85
353,200187,S51,S510073,0,2630.7
354,200188,S51,S510073,0,2757.33
355,200189,S51,S510073,0,2890.75
356,200190,S51,S510073,0,3081.2
357,200191,S51,S510073,0,3267.39
358,200192,S51,S510073,0,3424.33
359,200193,S51,S510073,0,3708.68
360,200194,S51,S510073,0,3946.72
361,200195,S51,S510073,0,4310.73
362,200196,S51,S510073,0,4514.04
363,200197,S51,S510073,0,4852.4
364,200198,S51,S510073,0,5023.03
365,200200,S51,S510073,0,5552.35
366,200170,S51,S510073,0,5759.43
367,200171,S51,S510073,0,6154.89
368,203066,S51,S510073,0,6494.52
369,200173,S51,S510073,0,6612.88
370,203226,S51,S510073,0,6915.49
371,200219,S51,S510073,0,7893.23
372,200220,S51,S510073,0,7998.37
373,203096,S51,S510073,0,8111.27
374,203097,S51,S510073,0,8344.01
375,200223,S51,S510073,0,8405.03
376,200224,S51,S510073,0,8611.78
377,200225,S51,S510073,0,8802.13
378,200226,S51,S510073,0,8935.36
379,203634,S51,S510073,0,9206.57
380,200228,S51,S510073,0,9354.45
381,203173,S51,S510073,0,9800.52
382,203426,S51,S510073,0,9921.61
383,203482,S51,S510073,0,10137.07
384,200233,S51,S510073,0,10265.06
385,200234,S51,S510073,0,10586.38
386,200235,S51,S510073,0,10727.7
387,200236,S51,S510073,0,10989.45
388,200237,S51,S510073,0,11189.97
389,200238,S51,S510073,0,11462.33
390,203553,S51,S510073,0,11761.28
391,200240,S51,S510073,0,11907.33
392,905103,S51,S510073,0,12176.99
393,203637,S51,S510074,0,0.44
394,200176,S51,S510074,0,300.38
395,200177,S51,S510074,0,654.3
396,200178,S51,S510074,0,794.73
397,203190,S51,S510074,0,1080.76
398,200180,S51,S510074,0,1332.56
399,200181,S51,S510074,0,1604.29
400,201638,S51,S510074,0,1745.85
401,200183,S51,S510074,0,1826.95
402,200184,S51,S510074,0,2042.5
403,200185,S51,S510074,0,2166.45
404,203205,S51,S510074,0,2404.85
405,200187,S51,S510074,0,2630.7
406,200188,S51,S510074,0,2757.33
407,200189,S51,S510074,0,2890.75
408,200190,S51,S510074,0,3081.2
409,200191,S51,S510074,0,3267.39
410,200192,S51,S510074,0,3424.33
411,200193,S51,S510074,0,3708.68
412,200194,S51,S510074,0,3946.72
413,200195,S51,S510074,0,4310.73
414,200196,S51,S510074,0,4514.04
415,203741,S51,S510074,0,4666.93
416,203413,S51,S510074,0,4910.34
417,203744,S51,S510074,0,5096.92
418,203742,S51,S510074,0,5402.87
419,203743,S51,S510074,0,5578.19
420,200170,S51,S510074,0,5997.61
421,200171,S51,S510074,0,6393.07
422,203066,S51,S510074,0,6732.7
423,200173,S51,S510074,0,6851.06
424,203226,S51,S510074,0,7153.67
425,200219,S51,S510074,0,8131.41
426,200220,S51,S510074,0,8236.55
427,203096,S51,S510074,0,8349.45
428,203097,S51,S510074,0,8582.19
429,200223,S51,S510074,0,8643.21
430,200224,S51,S510074,0,8849.96
431,200225,S51,S510074,0,9040.31
432,200226,S51,S510074,0,9173.55
433,203634,S51,S510074,0,9444.75
434,200228,S51,S510074,0,9592.63
435,203173,S51,S510074,0,10038.7
436,203426,S51,S510074,0,10159.79
437,203482,S51,S510074,0,10375.25
438,200233,S51,S510074,0,10503.25
439,200234,S51,S510074,0,10824.56
440,200235,S51,S510074,0,10965.88
441,200236,S51,S510074,0,11227.63
442,200237,S51,S510074,0,11428.15
443,200238,S51,S510074,0,11700.51
444,203553,S51,S510074,0,11999.46
445,200240,S51,S510074,0,12145.51
446,905103,S51,S510074,0,12415.17
447,200242,S51,S510082,0,0.12
448,200157,S51,S510082,0,244.56
449,203466,S51,S510082,0,516.83
450,200160,S51,S510082,0,703.63
451,200159,S51,S510082,0,864.03
452,200161,S51,S510082,0,1071.65
453,203008,S51,S510082,0,1504.36
454,200097,S51,S510082,0,1700.92
455,200099,S51,S510082,0,1945.76
456,201680,S51,S510082,0,2314.37
457,200102,S51,S510082,0,2663.74
458,200104,S51,S510082,0,3070.1
459,200105,S51,S510082,0,3302.72
460,200107,S51,S510082,0,3582.25
461,203236,S51,S510082,0,3779.41
462,203228,S51,S510082,0,3917.21
463,200110,S51,S510082,0,4074.72
464,200111,S51,S510082,0,4186.83
465,203104,S51,S510082,0,4293.16
466,200113,S51,S510082,0,4380.59
467,203083,S51,S510082,0,5282.38
468,200163,S51,S510082,0,5633.54
469,200165,S51,S510082,0,5956.17
470,200166,S51,S510082,0,6199.55
471,203411,S51,S510082,0,6532.94
472,203747,S51,S510082,0,6818.99
473,203746,S51,S510082,0,7300.74
474,203412,S51,S510082,0,7492.1
475,203745,S51,S510082,0,7658.05
476,200137,S51,S510082,0,7929.63
477,203692,S51,S510082,0,8068.31
478,203690,S51,S510082,0,8275.14
479,200139,S51,S510082,0,8416.82
480,200140,S51,S510082,0,8731.81
481,202801,S51,S510082,0,8972.99
482,200142,S51,S510082,0,9300.88
483,200144,S51,S510082,0,9687.32
484,200145,S51,S510082,0,9874.06
485,200146,S51,S510082,0,10272.1
486,200147,S51,S510082,0,10415.33
487,200148,S51,S510082,0,10580.72
488,200149,S51,S510082,0,10728.06
489,203379,S51,S510082,0,11000.79
490,200151,S51,S510082,0,11144.74
491,200152,S51,S510082,0,11439.79
492,200153,S51,S510082,0,11642.12
493,200154,S51,S510082,0,11866.65
494,203650,S51,S510082,0,12146.98
495,805015,S51,S510082,0,12506.15
496,200242,S51,S510083,0,0.12
497,200157,S51,S510083,0,244.56
498,203466,S51,S510083,0,516.83
499,200160,S51,S510083,0,703.63
500,200159,S51,S510083,0,864.03
501,200161,S51,S510083,0,1071.65
502,203008,S51,S510083,0,1504.36
503,200097,S51,S510083,0,1700.92
504,200099,S51,S510083,0,1945.76
505,201680,S51,S510083,0,2314.37
506,200102,S51,S510083,0,2663.74
507,200104,S51,S510083,0,3070.1
508,200105,S51,S510083,0,3302.72
509,200107,S51,S510083,0,3582.25
510,203236,S51,S510083,0,3779.41
511,203228,S51,S510083,0,3917.21
512,200110,S51,S510083,0,4074.72
513,200111,S51,S510083,0,4186.83
514,203104,S51,S510083,0,4293.16
515,200113,S51,S510083,0,4380.59
516,203083,S51,S510083,0,5282.38
517,200163,S51,S510083,0,5633.54
518,200165,S51,S510083,0,5956.17
519,200166,S51,S510083,0,6199.55
520,200132,S51,S510083,0,6487.94
521,202989,S51,S510083,0,6609.94
522,200135,S51,S510083,0,7212.31
523,200136,S51,S510083,0,7401.5
524,200137,S51,S510083,0,7691.46
525,203692,S51,S510083,0,7830.13
526,203690,S51,S510083,0,8036.96
527,200139,S51,S510083,0,8178.65
528,200140,S51,S510083,0,8493.64
529,202801,S51,S510083,0,8734.82
530,200142,S51,S510083,0,9062.71
531,200144,S51,S510083,0,9449.14
532,200145,S51,S510083,0,9635.88
533,200146,S51,S510083,0,10033.93
534,200147,S51,S510083,0,10177.16
535,200148,S51,S510083,0,10342.54
536,200149,S51,S510083,0,10489.88
537,203379,S51,S510083,0,10762.62
538,200151,S51,S510083,0,10906.57
539,200152,S51,S510083,0,11201.61
540,200153,S51,S510083,0,11403.95
541,200154,S51,S510083,0,11628.47
542,203650,S51,S510083,0,11908.81
543,805015,S51,S510083,0,12267.98
544,202579,S52,S520107,0,0.02
545,200176,S52,S520107,0,311.07
546,200779,S52,S520107,0,614.7
547,200780,S52,S520107,0,902.9
548,200781,S52,S520107,0,1042.67
549,200782,S52,S520107,0,1264.6
550,200783,S52,S520107,0,1446.87
551,200784,S52,S520107,0,1616.29
552,202613,S52,S520107,0,1770.43
553,200785,S52,S520107,0,2045.96
554,200786,S52,S520107,0,2271.25
555,200787,S52,S520107,0,2464.76
556,203051,S52,S520107,0,2718.94
557,202658,S52,S520107,0,2941.18
558,200791,S52,S520107,0,3153.92
559,201269,S52,S520107,0,3409.38
560,200297,S52,S520107,0,3678.65
561,201271,S52,S520107,0,3777.83
562,201272,S52,S520107,0,4095.72
563,201273,S52,S520107,0,4304.7
564,201081,S52,S520107,0,4577.47
565,201082,S52,S520107,0,4809.84
566,201083,S52,S520107,0,5115.81
567,201084,S52,S520107,0,5422.36
568,201085,S52,S520107,0,5738.43
569,201086,S52,S520107,0,5919.28
570,201087,S52,S520107,0,6131.41
571,201088,S52,S520107,0,6549.74
572,201282,S52,S520107,0,6744.11
573,201283,S52,S520107,0,7067.74
574,201284,S52,S520107,0,7312.46
575,201285,S52,S520107,0,7659.17
576,201286,S52,S520107,0,7940.37
577,202626,S52,S520107,0,8072.49
578,201288,S52,S520107,0,8403.07
579,201289,S52,S520107,0,8891.31
580,200204,S52,S520107,0,9098.59
581,201291,S52,S520107,0,9300.96
582,200206,S52,S520107,0,9448.21
583,200207,S52,S520107,0,9600.59
584,201294,S52,S520107,0,9819.42
585,203737,S52,S520107,0,10030.56
586,200210,S52,S520107,0,10271.75
587,200211,S52,S520107,0,10575.77
588,202733,S52,S520107,0,10705.23
589,203433,S52,S520107,0,10941.74
590,203513,S52,S520107,0,11121.02
591,203226,S52,S520107,0,11440.83
592,203105,S52,S520107,0,12259.38
593,200218,S52,S520107,0,12328.79
594,200219,S52,S520107,0,12418.56
595,200220,S52,S520107,0,12523.7
596,203096,S52,S520107,0,12636.61
597,203097,S52,S520107,0,12869.34
598,203231,S52,S520107,0,13115.61
599,203232,S52,S520107,0,13323.69
600,203828,S52,S520107,0,13577.74
601,203487,S52,S520107,0,13865.12
602,805127,S52,S520107,0,14318.08
603,805124,S52,S520109,0,0.03
604,203391,S52,S520109,0,720.56
605,203236,S52,S520109,0,1362.17
606,203228,S52,S520109,0,1499.97
607,200110,S52,S520109,0,1657.48
608,200111,S52,S520109,0,1769.6
609,203104,S52,S520109,0,1875.92
610,200113,S52,S520109,0,1963.36
611,200114,S52,S520109,0,2036.11
612,203428,S52,S520109,0,2920.92
613,203629,S52,S520109,0,3192.31
614,203429,S52,S520109,0,3265.38
615,203430,S52,S520109,0,3378.19
616,200119,S52,S520109,0,3576.28
617,200120,S52,S520109,0,3781.26
618,200121,S52,S520109,0,3975.69
619,200122,S52,S520109,0,4196.77
620,200123,S52,S520109,0,4376.12
621,200124,S52,S520109,0,4530.89
622,200125,S52,S520109,0,4679.42
623,200126,S52,S520109,0,4834.91
624,200127,S52,S520109,0,4969.15
625,200694,S52,S520109,0,5211.75
626,200695,S52,S520109,0,5442.98
627,203013,S52,S520109,0,5638.03
628,201220,S52,S520109,0,5848.23
629,201221,S52,S520109,0,6162.79
630,201222,S52,S520109,0,6333.21
631,201223,S52,S520109,0,6632.72
632,201224,S52,S520109,0,6918.92
633,201225,S52,S520109,0,7212.23
634,203674,S52,S520109,0,7580.36
635,203116,S52,S520109,0,7751.76
636,201059,S52,S520109,0,8140.12
637,201060,S52,S520109,0,8410.42
638,201061,S52,S520109,0,8641.37
639,201062,S52,S520109,0,8902.24
640,202788,S52,S520109,0,9155.12
641,202981,S52,S520109,0,9504.02
642,201235,S52,S520109,0,9787.5
643,201236,S52,S520109,0,10104.05
644,201237,S52,S520109,0,10375.17
645,201238,S52,S520109,0,10606.68
646,200280,S52,S520109,0,10748.2
647,200281,S52,S520109,0,10934.42
648,201241,S52,S520109,0,11190.84
649,200754,S52,S520109,0,11477.57
650,200755,S52,S520109,0,11627.44
651,200756,S52,S520109,0,11733.29
652,200757,S52,S520109,0,12009.24
653,200758,S52,S520109,0,12260.73
654,202608,S52,S520109,0,12471.16
655,200760,S52,S520109,0,12644.62
656,200761,S52,S520109,0,12773.98
657,200762,S52,S520109,0,13012.15
658,200763,S52,S520109,0,13124.0
659,200764,S52,S520109,0,13289.4
660,200765,S52,S520109,0,13631.24
661,203650,S52,S520109,0,13925.1
662,805014,S52,S520109,0,14332.77
663,202586,S54,S540110,0,0.0
664,201719,S54,S540110,0,190.86
665,201720,S54,S540110,0,359.14
666,201721,S54,S540110,0,575.04
667,200311,S54,S540110,0,768.78
668,200312,S54,S540110,0,967.79
669,200313,S54,S540110,0,1123.02
670,200314,S54,S540110,0,1326.81
671,203047,S54,S540110,0,1579.32
672,203048,S54,S540110,0,1888.49
673,203148,S54,S540110,0,2114.08
674,203049,S54,S540110,0,2272.15
675,201730,S54,S540110,0,2616.37
676,201731,S54,S540110,0,2815.55
677,201732,S54,S540110,0,2971.71
678,201733,S54,S540110,0,3126.58
679,201734,S54,S540110,0,3323.14
680,201735,S54,S540110,0,3490.3
681,201736,S54,S540110,0,3658.04
682,201737,S54,S540110,0,3823.38
683,201738,S54,S540110,0,4192.67
684,201739,S54,S540110,0,4357.43
685,201740,S54,S540110,0,4587.37
686,201741,S54,S540110,0,4830.14
687,201742,S54,S540110,0,5005.29
688,201743,S54,S540110,0,5132.18
689,201744,S54,S540110,0,5485.98
690,201745,S54,S540110,0,5753.82
691,201746,S54,S540110,0,5941.26
692,201747,S54,S540110,0,6167.25
693,201363,S54,S540110,0,6444.76
694,203453,S54,S540110,0,6761.53
695,203662,S54,S540110,0,6990.9
696,203663,S54,S540110,0,7304.44
697,203973,S54,S540110,0,7757.71
698,203664,S54,S540110,0,8132.41
699,201366,S54,S540110,0,8837.72
700,201369,S54,S540110,0,9927.45
701,201370,S54,S540110,0,10343.07
702,203028,S54,S540110,0,10577.77
703,200341,S54,S540110,0,11035.63
704,200342,S54,S540110,0,11198.36
705,200343,S54,S540110,0,11527.22
706,203786,S54,S540110,0,11676.64
707,202933,S54,S540110,0,11823.13
708,203645,S54,S540110,0,12060.05
709,203646,S54,S540110,0,12532.49
710,200350,S54,S540110,0,12582.32
711,203208,S54,S540110,0,12701.91
712,202725,S54,S540110,0,13048.74
713,202611,S54,S540110,0,13348.24
714,202726,S54,S540110,0,13586.26
715,203146,S54,S540110,0,13798.75
716,203147,S54,S540110,0,14051.27
717,200357,S54,S540110,0,14301.87
718,200358,S54,S540110,0,14541.31
719,200359,S54,S540110,0,14744.58
720,203602,S54,S540110,0,15015.0
721,203404,S54,S540110,0,15167.91
722,200361,S54,S540110,0,15420.17
723,200362,S54,S540110,0,15749.76
724,200363,S54,S540110,0,16026.51
725,200364,S54,S540110,0,16197.89
726,200367,S54,S540110,0,16760.41
727,200368,S54,S540110,0,17050.66
728,202664,S54,S540110,0,17229.24
729,202665,S54,S540110,0,17379.21
730,905107,S54,S540110,0,17606.53
731,200460,S55,S550257,0,0.14
732,202234,S55,S550257,0,810.64
733,202939,S55,S550257,0,1136.39
734,202927,S55,S550257,0,1577.36
735,202926,S55,S550257,0,1928.11
736,202925,S55,S550257,0,2445.88
737,202924,S55,S550257,0,2825.91
738,202923,S55,S550257,0,3227.12
739,202631,S55,S550257,0,3720.29
740,202304,S55,S550257,0,3988.52
741,202305,S55,S550257,0,4241.68
742,202306,S55,S550257,0,4479.34
743,202307,S55,S550257,0,4763.11
744,203117,S55,S550257,0,5131.66
745,202309,S55,S550257,0,5288.65
746,202632,S55,S550257,0,6005.53
747,805143,S55,S550286,0,0.13
748,203527,S55,S550286,0,516.22
749,203528,S55,S550286,0,796.92
750,805093,S55,S550286,0,1022.54
751,805094,S55,S550286,0,1295.64
752,203949,S55,S550286,0,1430.34
753,805096,S55,S550286,0,1997.79
754,805098,S55,S550286,0,2867.95
755,203959,S55,S550286,0,3273.55
756,203951,S55,S550286,0,3789.8
757,202899,S55,S550286,0,4259.61
758,203656,S55,S550286,0,4529.28
759,202934,S55,S550286,0,4846.38
760,200981,S55,S550286,0,5000.17
761,200982,S55,S550286,0,5691.53
762,805105,S55,S550286,0,5873.91
763,202641,S55,S550286,0,6333.49
764,203957,S55,S550286,0,6492.8
765,202329,S55,S550286,0,7189.36
766,202330,S55,S550286,0,7565.16
767,202331,S55,S550286,0,7811.26
768,202332,S55,S550286,0,8110.24
769,202333,S55,S550286,0,8460.83
770,202334,S55,S550286,0,8624.29
771,202335,S55,S550286,0,9189.95
772,202922,S55,S550286,0,9441.01
773,202921,S55,S550286,0,10012.22
774,203597,S55,S550286,0,10314.77
775,203001,S55,S550286,0,10649.58
776,202918,S55,S550286,0,11112.46
777,202095,S55,S550286,0,11399.4
778,202096,S55,S550286,0,11599.61
779,905046,S55,S550286,0,12020.99
780,202917,S55,S550286,0,13252.33
781,202845,S55,S550286,0,13825.63
782,202844,S55,S550286,0,14407.09
783,202842,S55,S550286,0,14947.74
784,202841,S55,S550286,0,15339.4
785,905162,S55,S550286,0,15770.44
786,200460,S56,S560198,0,0.14
787,202620,S56,S560198,0,509.34
788,202234,S56,S560198,0,810.64
789,202235,S56,S560198,0,988.11
790,202236,S56,S560198,0,1329.92
791,202610,S56,S560198,0,1560.9
792,203649,S56,S560198,0,1813.86
793,202237,S56,S560198,0,2348.49
794,202292,S56,S560198,0,3057.18
795,202293,S56,S560198,0,3185.84
796,202294,S56,S560198,0,3447.82
797,202295,S56,S560198,0,3565.11
798,202914,S56,S560198,0,4009.69
799,202913,S56,S560198,0,4386.83
800,202912,S56,S560198,0,4677.75
801,202911,S56,S560198,0,4961.17
802,202910,S56,S560198,0,5431.76
803,202909,S56,S560198,0,5696.56
804,202908,S56,S560198,0,6136.93
805,202907,S56,S560198,0,6322.96
806,202906,S56,S560198,0,6622.47
807,202905,S56,S560198,0,6856.58
808,202904,S56,S560198,0,7252.2
809,202903,S56,S560198,0,7478.76
810,203180,S56,S560198,0,7740.77
811,203209,S56,S560198,0,7974.38
812,202899,S56,S560198,0,8261.98
813,203656,S56,S560198,0,8531.65
814,202934,S56,S560198,0,8848.75
815,200981,S56,S560198,0,9002.53
816,200982,S56,S560198,0,9693.9
817,202897,S56,S560198,0,9729.75
818,805108,S56,S560198,0,10181.78
819,200460,S56,S560215,0,0.14
820,202234,S56,S560215,0,810.64
821,202235,S56,S560215,0,988.11
822,202236,S56,S560215,0,1329.92
823,202610,S56,S560215,0,1560.9
824,203649,S56,S560215,0,1813.86
825,202237,S56,S560215,0,2348.49
826,202292,S56,S560215,0,3057.18
827,202293,S56,S560215,0,3185.84
828,202294,S56,S560215,0,3447.82
829,202295,S56,S560215,0,3565.11
830,202914,S56,S560215,0,4009.69
831,202913,S56,S560215,0,4386.83
832,202912,S56,S560215,0,4677.75
833,202911,S56,S560215,0,4961.17
834,202910,S56,S560215,0,5431.76
835,202909,S56,S560215,0,5696.56
836,202908,S56,S560215,0,6136.93
837,202907,S56,S560215,0,6322.96
838,202906,S56,S560215,0,6622.47
839,202905,S56,S560215,0,6856.58
840,202904,S56,S560215,0,7252.2
841,202903,S56,S560215,0,7478.76
842,203180,S56,S560215,0,7740.77
843,203209,S56,S560215,0,7974.38
844,202899,S56,S560215,0,8261.98
845,203656,S56,S560215,0,8531.65
846,202934,S56,S560215,0,8848.75
847,200981,S56,S560215,0,9002.53
848,200982,S56,S560215,0,9693.9
849,202897,S56,S560215,0,9729.75
850,805108,S56,S560215,0,10181.78
851,203006,S61,S610065,0,0.0
852,200176,S61,S610065,0,301.67
853,200177,S61,S610065,0,655.59
854,905003,S61,S610065,0,780.12
855,200293,S61,S610065,0,917.5
856,203922,S61,S610065,0,1173.48
857,200570,S61,S610065,0,1512.39
858,203709,S61,S610065,0,1813.62
859,200572,S61,S610065,0,2075.27
860,200573,S61,S610065,0,2265.8
861,200574,S61,S610065,0,2786.04
862,200575,S61,S610065,0,3119.03
863,200576,S61,S610065,0,3349.43
864,203092,S61,S610065,0,3597.79
865,202661,S61,S610065,0,3813.08
866,200579,S61,S610065,0,4043.98
867,200580,S61,S610065,0,4363.16
868,202604,S61,S610065,0,4642.95
869,202660,S61,S610065,0,4754.44
870,200582,S61,S610065,0,4982.79
871,200583,S61,S610065,0,5181.77
872,200584,S61,S610065,0,5492.13
873,200585,S61,S610065,0,5707.71
874,200586,S61,S610065,0,5975.09
875,203050,S61,S610065,0,6146.1
876,203710,S61,S610065,0,6346.9
877,201422,S61,S610065,0,6603.26
878,202548,S61,S610065,0,6806.97
879,201356,S61,S610065,0,6993.85
880,201357,S61,S610065,0,7268.91
881,201358,S61,S610065,0,7516.21
882,201359,S61,S610065,0,7727.54
883,201360,S61,S610065,0,7981.32
884,202709,S61,S610065,0,8111.14
885,202710,S61,S610065,0,8313.51
886,202711,S61,S610065,0,8498.85
887,202712,S61,S610065,0,8744.91
888,203074,S61,S610065,0,9220.99
889,202715,S61,S610065,0,9919.42
890,203689,S61,S610065,0,10169.04
891,202716,S61,S610065,0,10792.81
892,202717,S61,S610065,0,11036.74
893,202718,S61,S610065,0,11395.57
894,202719,S61,S610065,0,11671.47
895,202720,S61,S610065,0,11850.89
896,202721,S61,S610065,0,12108.34
897,202991,S61,S610065,0,12528.4
898,202931,S61,S610065,0,12763.75
899,203478,S61,S610065,0,12923.6
900,202849,S61,S610065,0,13225.2
901,202850,S61,S610065,0,13563.73
902,203197,S61,S610065,0,13923.1
903,200456,S61,S610065,0,14529.46
904,203831,S61,S610065,0,14666.87
905,203540,S66,S660049,0,0.1
906,200176,S66,S660049,0,309.92
907,200177,S66,S660049,0,663.84
908,905003,S66,S660049,0,788.37
909,200293,S66,S660049,0,925.75
910,203922,S66,S660049,0,1181.73
911,203573,S66,S660049,0,1252.28
912,200570,S66,S660049,0,1520.64
913,203709,S66,S660049,0,1821.87
914,200572,S66,S660049,0,2083.52
915,200573,S66,S660049,0,2274.05
916,200574,S66,S660049,0,2794.29
917,200575,S66,S660049,0,3127.28
918,200576,S66,S660049,0,3357.68
919,203092,S66,S660049,0,3606.04
920,200620,S66,S660049,0,4101.3
921,200621,S66,S660049,0,4275.44
922,200622,S66,S660049,0,5102.97
923,200623,S66,S660049,0,5306.0
924,200624,S66,S660049,0,5493.32
925,200710,S66,S660049,0,6002.91
926,200626,S66,S660049,0,6107.22
927,200627,S66,S660049,0,6333.19
928,200580,S66,S660049,0,6633.25
929,202604,S66,S660049,0,6913.03
930,202660,S66,S660049,0,7024.52
931,200582,S66,S660049,0,7252.87
932,200583,S66,S660049,0,7451.86
933,200584,S66,S660049,0,7762.21
934,200585,S66,S660049,0,7977.8
935,200586,S66,S660049,0,8245.18
936,203050,S66,S660049,0,8416.18
937,203710,S66,S660049,0,8616.98
938,201422,S66,S660049,0,8873.34
939,200590,S66,S660049,0,9162.67
940,200591,S66,S660049,0,9328.3
941,200592,S66,S660049,0,9569.57
942,200593,S66,S660049,0,9879.52
943,200594,S66,S660049,0,10016.12
944,200595,S66,S660049,0,10227.43
945,200596,S66,S660049,0,10431.63
946,200597,S66,S660049,0,10804.57
947,200598,S66,S660049,0,10951.48
948,200315,S66,S660049,0,11328.04
949,200316,S66,S660049,0,11587.87
950,200416,S66,S660049,0,11895.27
951,200417,S66,S660049,0,12123.04
952,202993,S66,S660049,0,12490.71
953,202864,S74,S740286,0,0.31
954,200176,S74,S740286,0,268.48
955,200178,S74,S740286,0,762.83
956,203190,S74,S740286,0,1048.86
957,200180,S74,S740286,0,1300.67
958,200181,S74,S740286,0,1572.39
959,201638,S74,S740286,0,1713.95
960,200183,S74,S740286,0,1795.05
961,201083,S74,S740286,0,2179.85
962,202176,S74,S740286,0,2527.42
963,202177,S74,S740286,0,2754.15
964,202179,S74,S740286,0,2994.57
965,202180,S74,S740286,0,3123.59
966,202181,S74,S740286,0,3256.63
967,202182,S74,S740286,0,3419.37
968,202453,S74,S740286,0,3574.69
969,202184,S74,S740286,0,3771.82
970,202185,S74,S740286,0,3999.91
971,201649,S74,S740286,0,4241.65
972,202187,S74,S740286,0,4464.77
973,201650,S74,S740286,0,4628.58
974,201651,S74,S740286,0,4862.45
975,203414,S74,S740286,0,5079.28
976,201653,S74,S740286,0,5341.84
977,201654,S74,S740286,0,5496.17
978,201655,S74,S740286,0,5716.77
979,201656,S74,S740286,0,5891.66
980,203128,S74,S740286,0,6058.61
981,201658,S74,S740286,0,6251.77
982,201659,S74,S740286,0,6481.18
983,203059,S74,S740286,0,6638.33
984,201662,S74,S740286,0,7114.02
985,201663,S74,S740286,0,7306.74
986,201664,S74,S740286,0,7581.09
987,201665,S74,S740286,0,7882.71
988,203547,S74,S740286,0,8085.73
989,202205,S74,S740286,0,8353.78
990,202206,S74,S740286,0,8592.68
991,202207,S74,S740286,0,8709.9
992,202208,S74,S740286,0,8910.94
993,202209,S74,S740286,0,9191.99
994,202210,S74,S740286,0,9357.65
995,202572,S74,S740286,0,9482.83
996,201460,S74,S740286,0,9800.44
997,200340,S74,S740286,0,10041.62
998,200341,S74,S740286,0,10439.22
999,200342,S74,S740286,0,10601.95
1000,200343,S74,S740286,0,10930.81
1001,202933,S74,S740286,0,11226.73
1002,203645,S74,S740286,0,11463.64
1003,203646,S74,S740286,0,11936.09
1004,203208,S74,S740286,0,12105.51
1005,202725,S74,S740286,0,12452.33
1006,202611,S74,S740286,0,12751.84
1007,202726,S74,S740286,0,12989.85
1008,202228,S74,S740286,0,13097.94
1009,202229,S74,S740286,0,13294.58
1010,202230,S74,S740286,0,13540.27
1011,202231,S74,S740286,0,13778.73
1012,202232,S74,S740286,0,14065.37
1013,200460,S74,S740286,0,14641.84
1014,202620,S74,S740286,0,15151.04
1015,202234,S74,S740286,0,15452.34
1016,202235,S74,S740286,0,15629.81
1017,202236,S74,S740286,0,15971.62
1018,202610,S74,S740286,0,16202.59
1019,203649,S74,S740286,0,16455.56
1020,202237,S74,S740286,0,16990.19
1021,202239,S74,S740286,0,17705.77
1022,202240,S74,S740286,0,17930.92
1023,202241,S74,S740286,0,18374.68
1024,202242,S74,S740286,0,18669.5
1025,202628,S74,S740286,0,19226.46
1026,203569,S74,S740286,0,19340.97
1027,203517,S74,S740286,0,19773.24
1028,203855,S74,S740286,0,20007.6
1029,203519,S74,S740286,0,20299.82
1030,203552,S74,S740286,0,20608.15
1031,203665,S74,S740286,0,20863.83
1032,203521,S74,S740286,0,21081.06
1033,203522,S74,S740286,0,21493.37
1034,203523,S74,S740286,0,21806.46
1035,203524,S74,S740286,0,22205.32
1036,203525,S74,S740286,0,22533.61
1037,203536,S74,S740286,0,22860.44
1038,202248,S74,S740286,0,23260.0
1039,202249,S74,S740286,0,23755.31
1040,203449,S74,S740286,0,24359.14
1041,203548,S74,S740286,0,24497.6
1042,203072,S74,S740286,0,24690.95
1043,202253,S74,S740286,0,24863.94
1044,202254,S74,S740286,0,25053.15
1045,202255,S74,S740286,0,25301.43
1046,203450,S74,S740286,0,25689.06
1047,905179,S74,S740286,0,27469.97
1048,805163,S76,S760057,0,0.19
1049,200176,S76,S760057,0,268.36
1050,200177,S76,S760057,0,622.28
1051,200178,S76,S760057,0,762.71
1052,203190,S76,S760057,0,1048.74
1053,200180,S76,S760057,0,1300.54
1054,200181,S76,S760057,0,1572.27
1055,201638,S76,S760057,0,1713.83
1056,200183,S76,S760057,0,1794.93
1057,200184,S76,S760057,0,2010.47
1058,200185,S76,S760057,0,2134.43
1059,203205,S76,S760057,0,2372.83
1060,203225,S76,S760057,0,2613.91
1061,202519,S76,S760057,0,3041.65
1062,201644,S76,S760057,0,3299.97
1063,201645,S76,S760057,0,3491.16
1064,201646,S76,S760057,0,3682.23
1065,201647,S76,S760057,0,3919.17
1066,201648,S76,S760057,0,4135.02
1067,201649,S76,S760057,0,4368.02
1068,202187,S76,S760057,0,4591.14
1069,201650,S76,S760057,0,4754.95
1070,201651,S76,S760057,0,4988.82
1071,203414,S76,S760057,0,5205.65
1072,201653,S76,S760057,0,5468.21
1073,201654,S76,S760057,0,5622.54
1074,201655,S76,S760057,0,5843.15
1075,201656,S76,S760057,0,6018.03
1076,203128,S76,S760057,0,6184.98
1077,201658,S76,S760057,0,6378.14
1078,201659,S76,S760057,0,6607.55
1079,203059,S76,S760057,0,6764.7
1080,203718,S76,S760057,0,6963.6
1081,201662,S76,S760057,0,7240.39
1082,201663,S76,S760057,0,7433.11
1083,201664,S76,S760057,0,7707.46
1084,201665,S76,S760057,0,8009.08
1085,203547,S76,S760057,0,8212.11
1086,202205,S76,S760057,0,8480.15
1087,202206,S76,S760057,0,8719.05
1088,202207,S76,S760057,0,8836.27
1089,202208,S76,S760057,0,9037.31
1090,202209,S76,S760057,0,9318.36
1091,202210,S76,S760057,0,9484.02
1092,203515,S76,S760057,0,9696.81
1093,202482,S76,S760057,0,9928.69
1094,202483,S76,S760057,0,10214.47
1095,202484,S76,S760057,0,10383.66
1096,203073,S76,S760057,0,10771.62
1097,202486,S76,S760057,0,10976.77
1098,202487,S76,S760057,0,11131.86
1099,202488,S76,S760057,0,11289.04
1100,202489,S76,S760057,0,11438.88
1101,202490,S76,S760057,0,11597.49
1102,202491,S76,S760057,0,11825.07
1103,202652,S76,S760057,0,11979.51
1104,202494,S76,S760057,0,12141.84
1105,203130,S76,S760057,0,12220.25
1106,203238,S76,S760057,0,12443.07
1107,203159,S76,S760057,0,12699.25
1108,203158,S76,S760057,0,12848.51
1109,203157,S76,S760057,0,13003.82
1110,203156,S76,S760057,0,13193.51
1111,202501,S76,S760057,0,13364.73
1112,202502,S76,S760057,0,13543.55
1113,202503,S76,S760057,0,13670.56
1114,203563,S76,S760057,0,13842.63
1115,203564,S76,S760057,0,14115.76
1116,203565,S76,S760057,0,14264.21
1117,203566,S76,S760057,0,14506.93
1118,905112,S76,S760057,0,14717.9
1119,203896,S76,S760058,0,0.0
1120,203865,S76,S760058,0,85.45
1121,203556,S76,S760058,0,213.41
1122,203558,S76,S760058,0,419.63
1123,203635,S76,S760058,0,675.82
1124,203560,S76,S760058,0,897.08
1125,203561,S76,S760058,0,1067.78
1126,203562,S76,S760058,0,1386.5
1127,203149,S76,S760058,0,1541.5
1128,203150,S76,S760058,0,1716.42
1129,203151,S76,S760058,0,1882.27
1130,203152,S76,S760058,0,1999.88
1131,203153,S76,S760058,0,2245.66
1132,203154,S76,S760058,0,2383.01
1133,203691,S76,S760058,0,2490.74
1134,203162,S76,S760058,0,2690.59
1135,203155,S76,S760058,0,2861.38
1136,202383,S76,S760058,0,3169.32
1137,202384,S76,S760058,0,3317.23
1138,202385,S76,S760058,0,3473.24
1139,202386,S76,S760058,0,3631.81
1140,202387,S76,S760058,0,3766.29
1141,202388,S76,S760058,0,4075.01
1142,202389,S76,S760058,0,4281.2
1143,202390,S76,S760058,0,4509.62
1144,203065,S76,S760058,0,4799.19
1145,201378,S76,S760058,0,5014.18
1146,201459,S76,S760058,0,5168.06
1147,202121,S76,S760058,0,5303.45
1148,202122,S76,S760058,0,5457.76
1149,202123,S76,S760058,0,5749.51
1150,202124,S76,S760058,0,5908.71
1151,202125,S76,S760058,0,6028.39
1152,201593,S76,S760058,0,6263.58
1153,202581,S76,S760058,0,6561.18
1154,201595,S76,S760058,0,6780.64
1155,201596,S76,S760058,0,7031.28
1156,201597,S76,S760058,0,7278.93
1157,201598,S76,S760058,0,7555.11
1158,203688,S76,S760058,0,7832.07
1159,201600,S76,S760058,0,8017.76
1160,201601,S76,S760058,0,8178.75
1161,201602,S76,S760058,0,8401.6
1162,203057,S76,S760058,0,8565.39
1163,201604,S76,S760058,0,8723.88
1164,201605,S76,S760058,0,8923.51
1165,201606,S76,S760058,0,9127.01
1166,203204,S76,S760058,0,9291.51
1167,201608,S76,S760058,0,9552.77
1168,201609,S76,S760058,0,9772.36
1169,203638,S76,S760058,0,9960.91
1170,201611,S76,S760058,0,10259.29
1171,201612,S76,S760058,0,10441.19
1172,201613,S76,S760058,0,10606.0
1173,202147,S76,S760058,0,10723.95
1174,201615,S76,S760058,0,10927.59
1175,201616,S76,S760058,0,11203.68
1176,201617,S76,S760058,0,11333.51
1177,203410,S76,S760058,0,11585.76
1178,203472,S76,S760058,0,11907.49
1179,200145,S76,S760058,0,12113.07
1180,200146,S76,S760058,0,12511.12
1181,200147,S76,S760058,0,12654.35
1182,200148,S76,S760058,0,12819.73
1183,200149,S76,S760058,0,12967.07
1184,203379,S76,S760058,0,13239.81
1185,200151,S76,S760058,0,13383.76
1186,200152,S76,S760058,0,13678.8
1187,200153,S76,S760058,0,13881.13
1188,200154,S76,S760058,0,14105.66
1189,203650,S76,S760058,0,14386.0
1190,805015,S76,S760058,0,14745.17
1191,905180,S78,S780569,0,690.92
1192,202256,S78,S780569,0,2104.08
1193,203549,S78,S780569,0,2415.77
1194,203550,S78,S780569,0,2834.13
1195,202260,S78,S780569,0,3153.83
1196,203183,S78,S780569,0,3689.8
1197,202262,S78,S780569,0,3826.81
1198,202263,S78,S780569,0,3981.57
1199,202264,S78,S780569,0,4271.82
1200,203068,S78,S780569,0,4581.43
1201,200966,S78,S780569,0,4781.89
1202,200967,S78,S780569,0,5290.22
1203,200968,S78,S780569,0,5448.37
1204,200969,S78,S780569,0,5607.06
1205,200970,S78,S780569,0,5910.0
1206,200971,S78,S780569,0,6197.51
1207,200972,S78,S780569,0,6362.89
1208,200973,S78,S780569,0,6690.47
1209,200974,S78,S780569,0,7178.06
1210,203642,S78,S780569,0,7674.81
1211,203647,S78,S780569,0,7876.05
1212,200977,S78,S780569,0,8360.37
1213,200978,S78,S780569,0,8830.88
1214,200979,S78,S780569,0,9209.19
1215,200980,S78,S780569,0,9542.65
1216,200981,S78,S780569,0,9806.67
1217,200982,S78,S780569,0,10498.04
1218,200983,S78,S780569,0,10707.47
1219,200984,S78,S780569,0,10859.64
1220,200985,S78,S780569,0,11447.4
1221,202657,S78,S780569,0,11602.87
1222,200987,S78,S780569,0,11934.1
1223,200988,S78,S780569,0,12081.98
1224,200990,S78,S780569,0,12419.85
1225,200991,S78,S780569,0,12577.87
1226,200992,S78,S780569,0,12806.08
1227,200993,S78,S780569,0,13147.4
1228,200994,S78,S780569,0,13422.02
1229,200995,S78,S780569,0,13697.02
1230,203431,S78,S780569,0,13946.84
1231,200479,S78,S780569,0,14168.14
1232,200480,S78,S780569,0,14303.69
1233,203399,S78,S780569,0,14460.59
1234,203361,S78,S780569,0,14774.16
1235,201003,S78,S780569,0,15132.67
1236,201005,S78,S780569,0,15564.61
1237,201006,S78,S780569,0,15721.46
1238,201007,S78,S780569,0,15954.19
1239,201008,S78,S780569,0,16219.74
1240,201009,S78,S780569,0,16511.76
1241,201010,S78,S780569,0,16682.14
1242,201011,S78,S780569,0,16837.19
1243,202785,S78,S780569,0,17088.87
1244,201012,S78,S780569,0,17331.68
1245,201013,S78,S780569,0,17504.52
1246,201014,S78,S780569,0,17662.37
1247,203967,S78,S780569,0,17899.71
1248,201016,S78,S780569,0,18191.73
1249,201017,S78,S780569,0,18438.52
1250,203082,S78,S780569,0,18760.78
1251,201020,S78,S780569,0,19053.67
1252,202567,S78,S780569,0,19225.64
1253,203683,S78,S780569,0,19323.84
1254,201022,S78,S780569,0,19644.82
1255,201023,S78,S780569,0,19833.32
1256,202602,S78,S780569,0,19991.36
1257,201026,S78,S780569,0,20178.13
1258,201630,S78,S780569,0,20465.92
1259,201028,S78,S780569,0,20659.26
1260,201029,S78,S780569,0,20823.38
1261,201030,S78,S780569,0,20978.61
1262,201031,S78,S780569,0,21144.59
1263,201032,S78,S780569,0,21437.46
1264,201033,S78,S780569,0,21556.3
1265,201034,S78,S780569,0,21763.09
1266,203698,S78,S780569,0,21861.9
1267,201036,S78,S780569,0,22089.73
1268,201037,S78,S780569,0,22275.7
1269,201038,S78,S780569,0,22491.1
1270,201039,S78,S780569,0,22691.12
1271,203699,S78,S780569,0,22933.45
1272,203700,S78,S780569,0,23129.36
1273,201042,S78,S780569,0,23428.5
1274,200660,S78,S780569,0,23606.12
1275,200661,S78,S780569,0,23788.93
1276,200662,S78,S780569,0,24041.56
1277,200663,S78,S780569,0,24244.11
1278,200664,S78,S780569,0,24415.12
1279,203013,S78,S780569,0,24615.58
1280,201049,S78,S780569,0,24747.82
1281,201050,S78,S780569,0,24959.59
1282,202802,S78,S780569,0,25214.33
1283,201052,S78,S780569,0,25436.01
1284,201053,S78,S780569,0,25694.88
1285,201054,S78,S780569,0,26000.63
1286,201055,S78,S780569,0,26315.69
1287,203674,S78,S780569,0,26660.35
1288,203116,S78,S780569,0,26831.75
1289,201059,S78,S780569,0,27220.11
1290,201060,S78,S780569,0,27490.41
1291,201061,S78,S780569,0,27721.36
1292,201062,S78,S780569,0,27982.22
1293,202788,S78,S780569,0,28235.1
1294,201064,S78,S780569,0,28683.57
1295,201623,S78,S780569,0,29024.81
1296,201066,S78,S780569,0,29254.37
1297,200152,S78,S780569,0,29523.86
1298,200285,S78,S780569,0,29729.61
1299,200154,S78,S780569,0,29950.72
1300,203650,S78,S780569,0,30231.05
1301,805015,S78,S780569,0,30590.22
1302,805164,S78,S780580,0,0.14
1303,200176,S78,S780580,0,301.37
1304,200177,S78,S780580,0,655.28
1305,200292,S78,S780580,0,829.42
1306,201077,S78,S780580,0,986.96
1307,201078,S78,S780580,0,1328.95
1308,202601,S78,S780580,0,1520.16
1309,201080,S78,S780580,0,1865.52
1310,201081,S78,S780580,0,2113.06
1311,201082,S78,S780580,0,2345.42
1312,201083,S78,S780580,0,2651.4
1313,201084,S78,S780580,0,2957.95
1314,201085,S78,S780580,0,3274.02
1315,201086,S78,S780580,0,3454.86
1316,201087,S78,S780580,0,3666.99
1317,201088,S78,S780580,0,4085.33
1318,201282,S78,S780580,0,4279.7
1319,201090,S78,S780580,0,4633.77
1320,203756,S78,S780580,0,4904.47
1321,201092,S78,S780580,0,5231.52
1322,905018,S78,S780580,0,5502.74
1323,201093,S78,S780580,0,5813.36
1324,201094,S78,S780580,0,6072.66
1325,200696,S78,S780580,0,6290.75
1326,201096,S78,S780580,0,6454.4
1327,203095,S78,S780580,0,6646.25
1328,200697,S78,S780580,0,6977.7
1329,200698,S78,S780580,0,7180.1
1330,200699,S78,S780580,0,7327.89
1331,200700,S78,S780580,0,7419.11
1332,201102,S78,S780580,0,7707.32
1333,203695,S78,S780580,0,8021.88
1334,201104,S78,S780580,0,8222.45
1335,201105,S78,S780580,0,8376.39
1336,201106,S78,S780580,0,8635.95
1337,201107,S78,S780580,0,8858.29
1338,201108,S78,S780580,0,9040.35
1339,201109,S78,S780580,0,9185.15
1340,201110,S78,S780580,0,9372.9
1341,203016,S78,S780580,0,9529.37
1342,201112,S78,S780580,0,9705.48
1343,201113,S78,S780580,0,9986.33
1344,201114,S78,S780580,0,10147.32
1345,201115,S78,S780580,0,10309.64
1346,200237,S78,S780580,0,10481.38
1347,201117,S78,S780580,0,10684.06
1348,201118,S78,S780580,0,10974.93
1349,201119,S78,S780580,0,11134.72
1350,201120,S78,S780580,0,11291.38
1351,201121,S78,S780580,0,11523.68
1352,201122,S78,S780580,0,11682.79
1353,201123,S78,S780580,0,11840.69
1354,201124,S78,S780580,0,12004.03
1355,201125,S78,S780580,0,12239.77
1356,201126,S78,S780580,0,12443.24
1357,201127,S78,S780580,0,12692.46
1358,201128,S78,S780580,0,12943.6
1359,201129,S78,S780580,0,13300.38
1360,201130,S78,S780580,0,13469.39
1361,201131,S78,S780580,0,13660.15
1362,201132,S78,S780580,0,13810.96
1363,203680,S78,S780580,0,13988.61
1364,201133,S78,S780580,0,14436.12
1365,201134,S78,S780580,0,14449.07
1366,201135,S78,S780580,0,14613.29
1367,201136,S78,S780580,0,14919.61
1368,201137,S78,S780580,0,15185.43
1369,201138,S78,S780580,0,15404.9
1370,201139,S78,S780580,0,15562.31
1371,201141,S78,S780580,0,15996.87
1372,200367,S78,S780580,0,16338.06
1373,200368,S78,S780580,0,16628.31
1374,202664,S78,S780580,0,16806.89
1375,202665,S78,S780580,0,16956.86
1376,202856,S78,S780580,0,17113.13
1377,201171,S78,S780580,0,17428.57
1378,201172,S78,S780580,0,17706.93
1379,201173,S78,S780580,0,17979.1
1380,201174,S78,S780580,0,18320.53
1381,201175,S78,S780580,0,18550.0
1382,201176,S78,S780580,0,18718.82
1383,201177,S78,S780580,0,18973.02
1384,201178,S78,S780580,0,19196.85
1385,201179,S78,S780580,0,19451.73
1386,203131,S78,S780580,0,19671.67
1387,201181,S78,S780580,0,20215.61
1388,201182,S78,S780580,0,20419.71
1389,201183,S78,S780580,0,20585.02
1390,201184,S78,S780580,0,21251.01
1391,201185,S78,S780580,0,21550.74
1392,201186,S78,S780580,0,21813.83
1393,201187,S78,S780580,0,22245.64
1394,201188,S78,S780580,0,22654.87
1395,201189,S78,S780580,0,23164.15
1396,201190,S78,S780580,0,23353.35
1397,201191,S78,S780580,0,23848.36
1398,201192,S78,S780580,0,24390.15
1399,201193,S78,S780580,0,24671.69
1400,201194,S78,S780580,0,24838.16
1401,201195,S78,S780580,0,25121.38
1402,202605,S78,S780580,0,25472.21
1403,201196,S78,S780580,0,25588.54
1404,203390,S78,S780580,0,25705.98
1405,201198,S78,S780580,0,25900.03
1406,203516,S78,S780580,0,26180.18
1407,203483,S78,S780580,0,26300.91
1408,203485,S78,S780580,0,26814.52
1409,203876,S78,S780580,0,27143.34
1410,250048,S78,S780580,0,27310.43
1411,202066,S78,S780580,0,28049.42
1412,202067,S78,S780580,0,28216.07
1413,202068,S78,S780580,0,28446.85
1414,202069,S78,S780580,0,28971.46
1415,203542,S78,S780580,0,29219.75
1416,203543,S78,S780580,0,29375.77
1417,203544,S78,S780580,0,29617.65
1418,905179,S78,S780580,0,31227.12
1419,901226,S79+,SBS790073,0,0.02
1420,306959,S79+,SBS790073,0,934.84
1421,203345,S79+,SBS790073,0,5171.74
1422,203694,S79+,SBS790073,0,5749.44
1423,200700,S79+,SBS790073,0,7122.16
1424,203695,S79+,SBS790073,0,7724.85
1425,201109,S79+,SBS790073,0,8888.13
1426,200237,S79+,SBS790073,0,10184.36
1427,201121,S79+,SBS790073,0,11226.65
1428,201124,S79+,SBS790073,0,11707.0
1429,201126,S79+,SBS790073,0,12146.21
1430,201132,S79+,SBS790073,0,13513.93
1431,201134,S79+,SBS790073,0,14152.08
1432,201141,S79+,SBS790073,0,15699.84
1433,200371,S79+,SBS790073,0,16840.9
1434,200377,S79+,SBS790073,0,18255.89
1435,200382,S79+,SBS790073,0,19266.9
1436,805165,S79+,SBS790073,0,20277.66
1437,202845,S79+,SBS790073,0,22154.82
1438,203199,S79+,SBS790073,0,22763.07
1439,200391,S79+,SBS790073,0,23344.88
1440,805190,S79+,SBS790073,0,24014.57
1441,202864,S84,S840031,0,0.31
1442,200178,S84,S840031,0,762.83
1443,202177,S84,S840031,0,2754.15
1444,202185,S84,S840031,0,3999.9
1445,201650,S84,S840031,0,4628.57
1446,202572,S84,S840031,0,9482.83
1447,200340,S84,S840031,0,10041.62
1448,202231,S84,S840031,0,13778.72
1449,200460,S84,S840031,0,14641.83
1450,202620,S84,S840031,0,15151.03
1451,202234,S84,S840031,0,15452.34
1452,202235,S84,S840031,0,15629.8
1453,202236,S84,S840031,0,15971.61
1454,202610,S84,S840031,0,16202.59
1455,203649,S84,S840031,0,16455.55
1456,202237,S84,S840031,0,16990.18
1457,202239,S84,S840031,0,17705.77
1458,202240,S84,S840031,0,17930.91
1459,202241,S84,S840031,0,18374.67
1460,202242,S84,S840031,0,18669.5
1461,202628,S84,S840031,0,19226.45
1462,203569,S84,S840031,0,19340.96
1463,203517,S84,S840031,0,19773.23
1464,203855,S84,S840031,0,20007.59
1465,203519,S84,S840031,0,20299.81
1466,203552,S84,S840031,0,20608.14
1467,203665,S84,S840031,0,20863.83
1468,203521,S84,S840031,0,21081.06
1469,203522,S84,S840031,0,21493.36
1470,203523,S84,S840031,0,21806.46
1471,203524,S84,S840031,0,22205.31
1472,203525,S84,S840031,0,22533.6
1473,203536,S84,S840031,0,22860.43
1474,202248,S84,S840031,0,23259.99
1475,202249,S84,S840031,0,23755.31
1476,203449,S84,S840031,0,24359.13
1477,203548,S84,S840031,0,24497.59
1478,203072,S84,S840031,0,24690.94
1479,202253,S84,S840031,0,24863.94
1480,202254,S84,S840031,0,25053.14
1481,202255,S84,S840031,0,25301.43
1482,203450,S84,S840031,0,25689.05
1483,905179,S84,S840031,0,27469.96
1484,202538,S96,S960057,0,0.1
1485,200176,S96,S960057,0,280.9
1486,905003,S96,S960057,0,759.35
1487,805003,S96,S960057,0,2911.91
1488,200306,S96,S960057,0,3707.94
1489,805002,S96,S960057,0,4250.75
1490,200310,S96,S960057,0,4668.05
1491,200314,S96,S960057,0,5363.14
1492,200315,S96,S960057,0,5703.54
1493,200317,S96,S960057,0,6197.03
1494,200318,S96,S960057,0,6440.46
1495,200319,S96,S960057,0,6631.22
1496,200320,S96,S960057,0,6769.22
1497,200322,S96,S960057,0,7094.69
1498,200323,S96,S960057,0,7303.53
1499,202600,S96,S960057,0,7651.1
1500,200327,S96,S960057,0,7909.7
1501,200329,S96,S960057,0,8283.4
1502,200330,S96,S960057,0,8489.92
1503,200331,S96,S960057,0,8733.08
1504,200332,S96,S960057,0,8908.81
1505,200333,S96,S960057,0,9180.0
1506,200334,S96,S960057,0,9545.92
1507,200335,S96,S960057,0,9802.66
1508,202830,S96,S960057,0,10173.86
1509,203381,S96,S960057,0,10458.5
1510,203382,S96,S960057,0,10873.28
1511,203383,S96,S960057,0,11099.3
1512,203576,S96,S960057,0,11887.95
1513,203829,S96,S960057,0,12346.34
1514,805040,S96,S960057,0,12548.31
1515,203384,S96,S960057,0,12915.42
1516,203577,S96,S960057,0,13644.35
1517,905114,S96,S960057,0,14406.62
1518,404923,X1,X10376,0,0.05
1519,404050,X1,X10376,0,391.13
1520,405177,X1,X10376,0,670.98
1521,402169,X1,X10376,0,1181.0
1522,404873,X1,X10376,0,1663.61
1523,404228,X1,X10376,0,2229.79
1524,400323,X1,X10376,0,2620.05
1525,404211,X1,X10376,0,3265.31
1526,402130,X1,X10376,0,3670.36
1527,400145,X1,X10376,0,4014.95
1528,404993,X1,X10376,0,4640.57
1529,404184,X1,X10376,0,5234.45
1530,403311,X1,X10376,0,5836.37
1531,405277,X1,X10376,0,6287.42
1532,405276,X1,X10376,0,6762.61
1533,400163,X1,X10376,0,7064.63
1534,404201,X1,X10376,0,7526.54
1535,403971,X1,X10376,0,7935.15
1536,903117,X1,X10376,0,7975.15
1537,404189,X1,X10376,0,8212.38
1538,404190,X1,X10376,0,8462.02
1539,905150,X1,X10376,0,8942.23
1540,901109,X1,X10376,0,18256.22
1541,203345,X1,X10376,0,24770.02
1542,203694,X1,X10376,0,25347.71
1543,203347,X1,X10376,0,25846.34
1544,203728,X1,X10376,0,26148.97
1545,203348,X1,X10376,0,26446.28
1546,200700,X1,X10376,0,26706.53
1547,203695,X1,X10376,0,27309.22
1548,201106,X1,X10376,0,27923.29
1549,201108,X1,X10376,0,28327.7
1550,201110,X1,X10376,0,28660.24
1551,201112,X1,X10376,0,28992.82
1552,201113,X1,X10376,0,29273.67
1553,200237,X1,X10376,0,29768.72
1554,201117,X1,X10376,0,29971.4
1555,201118,X1,X10376,0,30262.27
1556,203696,X1,X10376,0,30827.39
1557,201124,X1,X10376,0,31291.37
1558,201126,X1,X10376,0,31730.58
1559,201128,X1,X10376,0,32230.94
1560,201130,X1,X10376,0,32756.73
1561,201132,X1,X10376,0,33098.3
1562,201133,X1,X10376,0,33723.48
1563,201136,X1,X10376,0,34206.95
1564,201137,X1,X10376,0,34472.77
1565,201139,X1,X10376,0,34849.65
1566,201141,X1,X10376,0,35284.21
1567,200367,X1,X10376,0,35625.4
1568,200368,X1,X10376,0,35915.65
1569,200371,X1,X10376,0,36425.26
1570,200375,X1,X10376,0,37513.59
1571,200377,X1,X10376,0,37840.25
1572,200380,X1,X10376,0,38480.02
1573,200381,X1,X10376,0,38634.62
1574,200382,X1,X10376,0,38851.27
1575,200384,X1,X10376,0,39359.78
1576,905046,X1,X10376,0,39939.34
1577,405013,X10,X100224,0,0.21
1578,403617,X10,X100224,0,175.9
1579,402226,X10,X100224,0,339.72
1580,402227,X10,X100224,0,492.43
1581,404215,X10,X100224,0,883.91
1582,404204,X10,X100224,0,1508.01
1583,404205,X10,X100224,0,1958.4
1584,400555,X10,X100224,0,2627.06
1585,400144,X10,X100224,0,3382.24
1586,400145,X10,X100224,0,3746.14
1587,404993,X10,X100224,0,4371.76
1588,400153,X10,X100224,0,5002.36
1589,403311,X10,X100224,0,5567.57
1590,405277,X10,X100224,0,6018.61
1591,405276,X10,X100224,0,6493.8
1592,404208,X10,X100224,0,6759.01
1593,404219,X10,X100224,0,7068.93
1594,404220,X10,X100224,0,7384.75
1595,404934,X10,X100224,0,7660.63
1596,404222,X10,X100224,0,8013.4
1597,404960,X10,X100224,0,8406.53
1598,901109,X10,X100224,0,18026.29
1599,203345,X10,X100224,0,24540.09
1600,203694,X10,X100224,0,25117.78
1601,203733,X10,X100224,0,26235.85
1602,200708,X10,X100224,0,26483.83
1603,203765,X10,X100224,0,28752.74
1604,203766,X10,X100224,0,29200.1
1605,203767,X10,X100224,0,29710.83
1606,203559,X10,X100224,0,30109.13
1607,203768,X10,X100224,0,30545.76
1608,203769,X10,X100224,0,30867.39
1609,203770,X10,X100224,0,31362.28
1610,203200,X10,X100224,0,32001.01
1611,202039,X10,X100224,0,32322.14
1612,200400,X10,X100224,0,32762.28
1613,200401,X10,X100224,0,33116.87
1614,203772,X10,X100224,0,33397.1
1615,203652,X10,X100224,0,33683.99
1616,202616,X10,X100224,0,34234.21
1617,200406,X10,X100224,0,34809.94
1618,200407,X10,X100224,0,35127.51
1619,200408,X10,X100224,0,35443.48
1620,200409,X10,X100224,0,35732.53
1621,200411,X10,X100224,0,36097.51
1622,200413,X10,X100224,0,36435.96
1623,200902,X10,X100224,0,36813.92
1624,200259,X10,X100224,0,37202.61
1625,905021,X10,X100224,0,37496.45
1626,905019,X10,X100230,0,0.31
1627,200316,X10,X100230,0,271.41
1628,200428,X10,X100230,0,666.87
1629,203884,X10,X100230,0,972.13
1630,200430,X10,X100230,0,1102.31
1631,203605,X10,X100230,0,1363.17
1632,202647,X10,X100230,0,1675.11
1633,805156,X10,X100230,0,1992.6
1634,203693,X10,X100230,0,2464.62
1635,203653,X10,X100230,0,3319.63
1636,200440,X10,X100230,0,3582.26
1637,200441,X10,X100230,0,3799.4
1638,200442,X10,X100230,0,4030.56
1639,200443,X10,X100230,0,4372.41
1640,201948,X10,X100230,0,4842.81
1641,201950,X10,X100230,0,5222.65
1642,201951,X10,X100230,0,5490.08
1643,203604,X10,X100230,0,5765.18
1644,203608,X10,X100230,0,6102.26
1645,203609,X10,X100230,0,6660.67
1646,203610,X10,X100230,0,6973.86
1647,203611,X10,X100230,0,7400.41
1648,203612,X10,X100230,0,7812.81
1649,203613,X10,X100230,0,8407.67
1650,203614,X10,X100230,0,8744.72
1651,901108,X10,X100230,0,19758.37
1652,404887,X10,X100230,0,29596.3
1653,400070,X10,X100230,0,29986.45
1654,404226,X10,X100230,0,30261.09
1655,404890,X10,X100230,0,30665.88
1656,404891,X10,X100230,0,30876.68
1657,404892,X10,X100230,0,31081.91
1658,404959,X10,X100230,0,31126.04
1659,404894,X10,X100230,0,31462.55
1660,404132,X10,X100230,0,32293.72
1661,400723,X10,X100230,0,33025.58
1662,400726,X10,X100230,0,33587.22
1663,403353,X10,X100230,0,34572.19
1664,404295,X10,X100230,0,34876.89
1665,404877,X10,X100230,0,35239.26
1666,400354,X10,X100230,0,35681.64
1667,450040,X10,X100230,0,36200.25
1668,404299,X10,X100230,0,36768.44
1669,404300,X10,X100230,0,37243.01
1670,403620,X10,X100230,0,37495.35
1671,402215,X10,X100230,0,37988.14
1672,405013,X10B,X10B0009,0,0.21
1673,403617,X10B,X10B0009,0,175.9
1674,402226,X10B,X10B0009,0,339.72
1675,402227,X10B,X10B0009,0,492.43
1676,404215,X10B,X10B0009,0,883.91
1677,404204,X10B,X10B0009,0,1508.01
1678,404205,X10B,X10B0009,0,1958.4
1679,400555,X10B,X10B0009,0,2627.06
1680,400144,X10B,X10B0009,0,3382.24
1681,400145,X10B,X10B0009,0,3746.14
1682,404993,X10B,X10B0009,0,4371.76
1683,400153,X10B,X10B0009,0,5002.36
1684,404931,X10B,X10B0009,0,5537.47
1685,404294,X10B,X10B0009,0,6690.61
1686,903013,X10B,X10B0009,0,8759.72
1687,901109,X10B,X10B0009,0,18890.35
1688,203765,X10B,X10B0009,0,29584.51
1689,203766,X10B,X10B0009,0,30031.88
1690,203767,X10B,X10B0009,0,30542.61
1691,203559,X10B,X10B0009,0,30940.9
1692,203768,X10B,X10B0009,0,31377.53
1693,203769,X10B,X10B0009,0,31699.16
1694,203770,X10B,X10B0009,0,32194.05
1695,203200,X10B,X10B0009,0,32832.78
1696,202039,X10B,X10B0009,0,33153.91
1697,200400,X10B,X10B0009,0,33594.05
1698,200401,X10B,X10B0009,0,33948.64
1699,203772,X10B,X10B0009,0,34228.88
1700,203652,X10B,X10B0009,0,34515.77
1701,202616,X10B,X10B0009,0,35065.98
1702,200406,X10B,X10B0009,0,35641.71
1703,200407,X10B,X10B0009,0,35959.28
1704,200408,X10B,X10B0009,0,36275.26
1705,200409,X10B,X10B0009,0,36564.3
1706,200411,X10B,X10B0009,0,36929.28
1707,200413,X10B,X10B0009,0,37267.73
1708,200902,X10B,X10B0009,0,37645.69
1709,200259,X10B,X10B0009,0,38034.38
1710,905021,X10B,X10B0009,0,38328.22
1711,905019,X14,X140122,0,0.31
1712,200316,X14,X140122,0,271.41
1713,200428,X14,X140122,0,666.87
1714,203884,X14,X140122,0,972.13
1715,200430,X14,X140122,0,1102.31
1716,203605,X14,X140122,0,1363.17
1717,202647,X14,X140122,0,1675.11
1718,203809,X14,X140122,0,2093.04
1719,201492,X14,X140122,0,2228.72
1720,201495,X14,X140122,0,2803.17
1721,201497,X14,X140122,0,3197.41
1722,201498,X14,X140122,0,3413.87
1723,201499,X14,X140122,0,3677.73
1724,201730,X14,X140122,0,4066.68
1725,203616,X14,X140122,0,4421.82
1726,203617,X14,X140122,0,4732.27
1727,203810,X14,X140122,0,5150.09
1728,203456,X14,X140122,0,5617.83
1729,200646,X14,X140122,0,5925.8
1730,200715,X14,X140122,0,6147.02
1731,202603,X14,X140122,0,6412.58
1732,202941,X14,X140122,0,6750.2
1733,203052,X14,X140122,0,7193.23
1734,200652,X14,X140122,0,7538.66
1735,203723,X14,X140122,0,8115.33
1736,203724,X14,X140122,0,8284.29
1737,203343,X14,X140122,0,9419.5
1738,203798,X14,X140122,0,9599.5
1739,905020,X14,X140122,0,10050.84
1740,805033,X14,X140122,0,13489.08
1741,805035,X14,X140122,0,15382.03
1742,901114,X14,X140122,0,16594.28
1743,805034,X14,X140122,0,16952.5
1744,805037,X14,X140122,0,17339.21
1745,805039,X14,X140122,0,20560.99
1746,805038,X14,X140122,0,22611.13
1747,901171,X14,X140122,0,23986.56
1748,903205,X14,X140122,0,26384.94
1749,405043,X14,X140122,0,26817.35
1750,803033,X14,X140122,0,27116.53
1751,401666,X14,X140122,0,27391.74
1752,903101,X14,X140122,0,27500.54
1753,404850,X14,X140122,0,27763.09
1754,803074,X14,X140122,0,27964.59
1755,803071,X14,X140122,0,28028.01
1756,901111,X14,X140122,0,28627.22
1757,402143,X14,X140122,0,33391.6
1758,402144,X14,X140122,0,33667.17
1759,402145,X14,X140122,0,33834.45
1760,905030,X14,X140122,0,34139.41
1761,400186,X14,X140122,0,34636.09
1762,400354,X14,X140122,0,35229.42
1763,450040,X14,X140122,0,35748.04
1764,404299,X14,X140122,0,36316.23
1765,404300,X14,X140122,0,36790.8
1766,402227,X14,X140122,0,37045.27
1767,402228,X14,X140122,0,37192.46
1768,402229,X14,X140122,0,37509.98
1769,400744,X14,X140122,0,37776.87
1770,404326,X14,X140122,0,37994.34
1771,402233,X14,X140122,0,38307.81
1772,403986,X14,X140122,0,38600.44
1773,803102,X14,X140122,0,38801.34
1774,200386,X15,X150112,0,1.12
1775,203093,X15,X150112,0,423.01
1776,202099,X15,X150112,0,762.37
1777,202100,X15,X150112,0,1034.76
1778,200496,X15,X150112,0,1437.62
1779,202724,X15,X150112,0,1865.7
1780,203113,X15,X150112,0,2148.1
1781,203655,X15,X150112,0,2535.98
1782,202651,X15,X150112,0,2877.22
1783,203625,X15,X150112,0,3224.63
1784,203644,X15,X150112,0,3503.81
1785,203626,X15,X150112,0,3715.92
1786,203492,X15,X150112,0,3953.3
1787,203491,X15,X150112,0,4264.28
1788,203496,X15,X150112,0,4560.32
1789,201758,X15,X150112,0,5037.93
1790,201450,X15,X150112,0,5429.2
1791,201451,X15,X150112,0,5633.65
1792,202545,X15,X150112,0,5854.71
1793,202786,X15,X150112,0,6303.77
1794,201459,X15,X150112,0,6621.47
1795,202122,X15,X150112,0,6911.18
1796,202124,X15,X150112,0,7362.13
1797,201593,X15,X150112,0,7717.0
1798,201595,X15,X150112,0,8234.05
1799,201596,X15,X150112,0,8484.69
1800,201597,X15,X150112,0,8732.34
1801,201598,X15,X150112,0,9008.53
1802,201600,X15,X150112,0,9471.17
1803,203057,X15,X150112,0,10018.8
1804,201604,X15,X150112,0,10177.29
1805,201606,X15,X150112,0,10580.42
1806,201608,X15,X150112,0,11006.19
1807,203724,X15,X150112,0,11309.26
1808,203343,X15,X150112,0,12444.47
1809,203798,X15,X150112,0,12624.46
1810,203344,X15,X150112,0,13086.4
1811,805033,X15,X150112,0,16514.04
1812,805035,X15,X150112,0,18407.0
1813,901114,X15,X150112,0,19619.24
1814,805034,X15,X150112,0,19977.46
1815,805037,X15,X150112,0,20364.17
1816,803042,X15,X150112,0,28971.64
1817,404887,X15,X150112,0,29456.77
1818,903095,X15,X150112,0,29831.87
1819,903096,X15,X150112,0,30208.18
1820,805119,X15,X150112,0,30793.31
1821,903098,X15,X150112,0,31217.51
1822,401797,X15,X150112,0,31832.18
1823,903100,X15,X150112,0,32286.8
1824,905079,X15,X150112,0,32949.66
1825,400070,X15,X150118,0,0.3
1826,404226,X15,X150118,0,274.94
1827,450402,X15,X150118,0,461.74
1828,805120,X15,X150118,0,963.47
1829,404230,X15,X150118,0,1349.94
1830,401797,X15,X150118,0,1985.56
1831,401800,X15,X150118,0,2512.72
1832,403754,X15,X150118,0,2678.28
1833,401802,X15,X150118,0,2869.64
1834,401803,X15,X150118,0,3093.29
1835,400903,X15,X150118,0,3513.5
1836,905150,X15,X150118,0,3951.42
1837,805036,X15,X150118,0,12957.62
1838,901116,X15,X150118,0,13478.94
1839,805032,X15,X150118,0,14453.14
1840,805031,X15,X150118,0,16363.65
1841,203345,X15,X150118,0,19788.88
1842,203694,X15,X150118,0,20366.58
1843,203733,X15,X150118,0,21484.64
1844,201650,X15,X150118,0,21747.58
1845,203414,X15,X150118,0,22198.28
1846,201654,X15,X150118,0,22615.17
1847,201656,X15,X150118,0,23010.66
1848,203128,X15,X150118,0,23177.61
1849,203059,X15,X150118,0,23757.33
1850,201662,X15,X150118,0,24233.02
1851,201663,X15,X150118,0,24425.74
1852,201664,X15,X150118,0,24700.09
1853,201665,X15,X150118,0,25001.71
1854,202205,X15,X150118,0,25472.78
1855,202207,X15,X150118,0,25828.9
1856,202209,X15,X150118,0,26310.99
1857,202572,X15,X150118,0,26601.83
1858,201380,X15,X150118,0,26884.63
1859,201382,X15,X150118,0,27352.98
1860,201383,X15,X150118,0,27602.37
1861,202550,X15,X150118,0,28026.74
1862,203778,X15,X150118,0,28573.87
1863,203777,X15,X150118,0,28839.22
1864,203776,X15,X150118,0,29134.55
1865,203755,X15,X150118,0,29448.35
1866,203786,X15,X150118,0,29680.66
1867,203757,X15,X150118,0,30091.64
1868,905083,X15,X150118,0,30331.43
1869,200350,X15,X150118,0,30586.34
1870,202725,X15,X150118,0,31052.76
1871,202611,X15,X150118,0,31352.26
1872,202228,X15,X150118,0,31698.37
1873,202230,X15,X150118,0,32140.69
1874,202231,X15,X150118,0,32379.15
1875,202232,X15,X150118,0,32665.79
1876,905046,X15,X150118,0,33224.63
1877,202910,X17,X170390,0,0.09
1878,203579,X17,X170390,0,158.48
1879,203580,X17,X170390,0,413.76
1880,203581,X17,X170390,0,778.96
1881,203582,X17,X170390,0,1052.86
1882,203871,X17,X170390,0,1127.23
1883,203583,X17,X170390,0,1885.59
1884,203666,X17,X170390,0,2179.06
1885,203811,X17,X170390,0,2567.8
1886,203585,X17,X170390,0,2882.41
1887,203883,X17,X170390,0,3295.07
1888,203586,X17,X170390,0,3534.31
1889,202887,X17,X170390,0,3924.17
1890,202886,X17,X170390,0,4277.3
1891,202885,X17,X170390,0,4436.9
1892,202884,X17,X170390,0,4692.87
1893,202091,X17,X170390,0,4898.05
1894,203080,X17,X170390,0,5504.84
1895,202861,X17,X170390,0,6038.39
1896,202094,X17,X170390,0,6497.48
1897,202095,X17,X170390,0,6919.21
1898,203903,X17,X170390,0,7610.32
1899,203685,X17,X170390,0,8888.09
1900,202845,X17,X170390,0,9480.02
1901,202842,X17,X170390,0,10519.52
1902,202841,X17,X170390,0,10911.19
1903,202840,X17,X170390,0,11266.3
1904,202990,X17,X170390,0,11570.31
1905,203594,X17,X170390,0,11700.34
1906,200392,X17,X170390,0,12117.2
1907,200393,X17,X170390,0,12389.11
1908,200394,X17,X170390,0,12661.88
1909,200395,X17,X170390,0,13017.78
1910,203110,X17,X170390,0,13246.82
1911,202681,X17,X170390,0,13741.21
1912,200399,X17,X170390,0,14026.55
1913,200400,X17,X170390,0,14366.42
1914,200401,X17,X170390,0,14721.01
1915,203772,X17,X170390,0,15001.25
1916,203815,X17,X170390,0,15261.64
1917,805033,X17,X170390,0,27192.67
1918,805035,X17,X170390,0,29085.63
1919,901114,X17,X170390,0,30297.87
1920,805034,X17,X170390,0,30656.1
1921,805037,X17,X170390,0,31042.81
1922,805039,X17,X170390,0,34264.59
1923,805038,X17,X170390,0,36314.73
1924,901171,X17,X170390,0,37690.16
1925,400070,X17,X170390,0,39725.12
1926,400071,X17,X170390,0,39975.52
1927,903015,X17,X170390,0,40367.59
1928,404891,X17,X170390,0,40615.35
1929,404892,X17,X170390,0,40820.58
1930,400723,X17,X170390,0,42764.25
1931,400726,X17,X170390,0,43325.89
1932,402128,X17,X170390,0,44119.88
1933,402130,X17,X170390,0,44404.29
1934,402149,X17,X170390,0,44452.09
1935,400354,X17,X170390,0,45420.3
1936,403458,X17,X170390,0,45889.78
1937,400020,X17,X170390,0,46458.51
1938,404300,X17,X170390,0,46981.68
1939,403620,X17,X170390,0,47234.02
1940,904045,X17,X170390,0,47713.67
1941,404199,X17A,X17A0026,0,0.31
1942,404238,X17A,X17A0026,0,581.88
1943,404240,X17A,X17A0026,0,864.35
1944,404202,X17A,X17A0026,0,1227.67
1945,404960,X17A,X17A0026,0,1705.79
1946,901177,X17A,X17A0026,0,6272.14
1947,901169,X17A,X17A0026,0,7891.16
1948,805036,X17A,X17A0026,0,11016.94
1949,901116,X17A,X17A0026,0,11538.26
1950,805032,X17A,X17A0026,0,12512.46
1951,805031,X17A,X17A0026,0,14422.96
1952,805159,X17A,X17A0026,0,22926.88
1953,805160,X17A,X17A0026,0,24719.85
1954,805158,X17A,X17A0026,0,25963.84
1955,200441,X17A,X17A0026,0,26189.11
1956,200442,X17A,X17A0026,0,26420.27
1957,200443,X17A,X17A0026,0,26762.12
1958,200444,X17A,X17A0026,0,27151.11
1959,200446,X17A,X17A0026,0,27485.08
1960,200447,X17A,X17A0026,0,27793.56
1961,200930,X17A,X17A0026,0,28284.96
1962,200450,X17A,X17A0026,0,28491.55
1963,200452,X17A,X17A0026,0,29145.33
1964,203817,X17A,X17A0026,0,29385.33
1965,203818,X17A,X17A0026,0,29666.09
1966,202991,X17A,X17A0026,0,29935.33
1967,203478,X17A,X17A0026,0,30330.53
1968,202849,X17A,X17A0026,0,30632.12
1969,202850,X17A,X17A0026,0,30970.66
1970,203078,X17A,X17A0026,0,31967.83
1971,200459,X17A,X17A0026,0,32628.49
1972,905046,X17A,X17A0026,0,33824.52
1973,805019,X17A,X17A0026,0,34776.23
1974,905185,X17A,X17A0026,0,35116.38
1975,905186,X17A,X17A0026,0,35406.62
1976,905187,X17A,X17A0026,0,35714.8
1977,405013,X17J,X17J0047,0,0.21
1978,403617,X17J,X17J0047,0,175.9
1979,402226,X17J,X17J0047,0,339.72
1980,402227,X17J,X17J0047,0,492.43
1981,404215,X17J,X17J0047,0,883.91
1982,404204,X17J,X17J0047,0,1508.01
1983,403257,X17J,X17J0047,0,1835.52
1984,403830,X17J,X17J0047,0,2136.64
1985,403259,X17J,X17J0047,0,2437.67
1986,401851,X17J,X17J0047,0,2731.74
1987,905063,X17J,X17J0047,0,32343.14
1988,203927,X17J,X17J0047,0,37657.09
1989,805155,X17J,X17J0047,0,38014.66
1990,200442,X17J,X17J0047,0,38232.69
1991,200443,X17J,X17J0047,0,38574.54
1992,200444,X17J,X17J0047,0,38963.53
1993,200446,X17J,X17J0047,0,39297.5
1994,200447,X17J,X17J0047,0,39605.98
1995,200930,X17J,X17J0047,0,40097.38
1996,200450,X17J,X17J0047,0,40303.97
1997,200452,X17J,X17J0047,0,40957.74
1998,203817,X17J,X17J0047,0,41197.75
1999,203818,X17J,X17J0047,0,41478.5
2000,202991,X17J,X17J0047,0,41747.75
2001,203478,X17J,X17J0047,0,42142.95
2002,202849,X17J,X17J0047,0,42444.54
2003,202850,X17J,X17J0047,0,42783.07
2004,203078,X17J,X17J0047,0,43780.25
2005,200459,X17J,X17J0047,0,44440.91
2006,905046,X17J,X17J0047,0,45636.93
2007,202235,X17J,X17J0047,0,46500.34
2008,202236,X17J,X17J0047,0,46842.15
2009,203649,X17J,X17J0047,0,47326.1
2010,202237,X17J,X17J0047,0,47860.72
2011,202292,X17J,X17J0047,0,48569.41
2012,202293,X17J,X17J0047,0,48698.07
2013,202294,X17J,X17J0047,0,48960.05
2014,202295,X17J,X17J0047,0,49077.34
2015,202914,X17J,X17J0047,0,49521.93
2016,203805,X17J,X17J0047,0,49909.81
2017,203813,X17J,X17J0047,0,50148.33
2018,203721,X17J,X17J0047,0,50458.69
2019,203820,X17J,X17J0047,0,50695.68
2020,203822,X17J,X17J0047,0,51165.64
2021,203821,X17J,X17J0047,0,51498.84
2022,203832,X17J,X17J0047,0,51946.82
2023,203804,X17J,X17J0047,0,52113.86
2024,203823,X17J,X17J0047,0,52245.74
2025,203824,X17J,X17J0047,0,52550.79
2026,203825,X17J,X17J0047,0,52794.89
2027,203002,X17J,X17J0047,0,53074.54
2028,202910,X17J,X17J0048,0,0.09
2029,203579,X17J,X17J0048,0,158.48
2030,203580,X17J,X17J0048,0,413.76
2031,203581,X17J,X17J0048,0,778.96
2032,203582,X17J,X17J0048,0,1052.86
2033,203871,X17J,X17J0048,0,1127.23
2034,203583,X17J,X17J0048,0,1885.59
2035,203666,X17J,X17J0048,0,2179.06
2036,203811,X17J,X17J0048,0,2567.8
2037,203585,X17J,X17J0048,0,2882.41
2038,203883,X17J,X17J0048,0,3295.07
2039,203586,X17J,X17J0048,0,3534.31
2040,202887,X17J,X17J0048,0,3924.17
2041,202886,X17J,X17J0048,0,4277.3
2042,202885,X17J,X17J0048,0,4436.9
2043,202884,X17J,X17J0048,0,4692.87
2044,202091,X17J,X17J0048,0,4898.05
2045,203080,X17J,X17J0048,0,5504.84
2046,202861,X17J,X17J0048,0,6038.39
2047,202094,X17J,X17J0048,0,6497.48
2048,202095,X17J,X17J0048,0,6919.21
2049,203903,X17J,X17J0048,0,7610.32
2050,203685,X17J,X17J0048,0,8888.09
2051,202845,X17J,X17J0048,0,9480.02
2052,202842,X17J,X17J0048,0,10519.52
2053,202841,X17J,X17J0048,0,10911.19
2054,202840,X17J,X17J0048,0,11266.3
2055,202990,X17J,X17J0048,0,11570.31
2056,203594,X17J,X17J0048,0,11700.34
2057,200393,X17J,X17J0048,0,12389.11
2058,200394,X17J,X17J0048,0,12661.88
2059,200395,X17J,X17J0048,0,13017.78
2060,203110,X17J,X17J0048,0,13246.82
2061,202681,X17J,X17J0048,0,13741.21
2062,200399,X17J,X17J0048,0,14026.55
2063,200400,X17J,X17J0048,0,14366.42
2064,200401,X17J,X17J0048,0,14721.01
2065,203772,X17J,X17J0048,0,15001.25
2066,203652,X17J,X17J0048,0,15288.14
2067,203567,X17J,X17J0048,0,15520.88
2068,203568,X17J,X17J0048,0,15831.39
2069,203928,X17J,X17J0048,0,16658.31
2070,905088,X17J,X17J0048,0,50278.66
2071,404173,X17J,X17J0048,0,50654.89
2072,404820,X17J,X17J0048,0,50901.75
2073,401821,X17J,X17J0048,0,51239.7
2074,401822,X17J,X17J0048,0,51570.2
2075,400354,X17J,X17J0048,0,51759.6
2076,403458,X17J,X17J0048,0,52229.08
2077,400020,X17J,X17J0048,0,52797.81
2078,404300,X17J,X17J0048,0,53320.98
2079,403620,X17J,X17J0048,0,53573.32
2080,904045,X17J,X17J0048,0,54052.97
2081,203903,X17J,X17J0049,0,16.36
2082,203685,X17J,X17J0049,0,1294.13
2083,202845,X17J,X17J0049,0,1886.06
2084,202842,X17J,X17J0049,0,2925.56
2085,202841,X17J,X17J0049,0,3317.22
2086,202840,X17J,X17J0049,0,3672.34
2087,202990,X17J,X17J0049,0,3976.35
2088,203594,X17J,X17J0049,0,4106.38
2089,200393,X17J,X17J0049,0,4795.15
2090,200394,X17J,X17J0049,0,5067.92
2091,200395,X17J,X17J0049,0,5423.82
2092,203110,X17J,X17J0049,0,5652.86
2093,202681,X17J,X17J0049,0,6147.25
2094,200399,X17J,X17J0049,0,6432.59
2095,200400,X17J,X17J0049,0,6772.46
2096,200401,X17J,X17J0049,0,7127.05
2097,203772,X17J,X17J0049,0,7407.29
2098,203652,X17J,X17J0049,0,7694.18
2099,203567,X17J,X17J0049,0,7926.92
2100,203568,X17J,X17J0049,0,8237.43
2101,203928,X17J,X17J0049,0,9064.35
2102,905088,X17J,X17J0049,0,42684.7
2103,404173,X17J,X17J0049,0,43060.93
2104,404820,X17J,X17J0049,0,43307.79
2105,401821,X17J,X17J0049,0,43645.74
2106,401822,X17J,X17J0049,0,43976.24
2107,400354,X17J,X17J0049,0,44165.64
2108,403458,X17J,X17J0049,0,44635.11
2109,400020,X17J,X17J0049,0,45203.85
2110,404300,X17J,X17J0049,0,45727.01
2111,403620,X17J,X17J0049,0,45979.36
2112,904045,X17J,X17J0049,0,46459.01
2113,202910,X19,X190073,0,0.09
2114,203579,X19,X190073,0,158.48
2115,203580,X19,X190073,0,413.76
2116,203581,X19,X190073,0,778.96
2117,203582,X19,X190073,0,1052.86
2118,203871,X19,X190073,0,1127.23
2119,203583,X19,X190073,0,1885.59
2120,203666,X19,X190073,0,2179.06
2121,203811,X19,X190073,0,2567.8
2122,203585,X19,X190073,0,2882.41
2123,203812,X19,X190073,0,3213.01
2124,203586,X19,X190073,0,3534.31
2125,202887,X19,X190073,0,3924.17
2126,202886,X19,X190073,0,4277.3
2127,202885,X19,X190073,0,4436.9
2128,202884,X19,X190073,0,4692.87
2129,202239,X19,X190073,0,4901.57
2130,202240,X19,X190073,0,5126.71
2131,203591,X19,X190073,0,5471.87
2132,203592,X19,X190073,0,5674.36
2133,250058,X19,X190073,0,9853.36
2134,805162,X19,X190073,0,13641.88
2135,905153,X19,X190073,0,16866.94
2136,805033,X19,X190073,0,26573.1
2137,805035,X19,X190073,0,28466.05
2138,901114,X19,X190073,0,29678.3
2139,805034,X19,X190073,0,30036.52
2140,805037,X19,X190073,0,30423.23
2141,805039,X19,X190073,0,33645.01
2142,805038,X19,X190073,0,35695.15
2143,901171,X19,X190073,0,37070.59
2144,404887,X19,X190073,0,39515.75
2145,400070,X19,X190073,0,39905.9
2146,404889,X19,X190073,0,40224.83
2147,404890,X19,X190073,0,40585.34
2148,404891,X19,X190073,0,40796.14
2149,404892,X19,X190073,0,41001.36
2150,404242,X19,X190073,0,41072.66
2151,404199,X19,X190074,0,0.31
2152,400163,X19,X190074,0,95.08
2153,400165,X19,X190074,0,228.24
2154,404201,X19,X190074,0,556.99
2155,404240,X19,X190074,0,864.35
2156,404202,X19,X190074,0,1227.67
2157,404960,X19,X190074,0,1705.79
2158,901177,X19,X190074,0,6272.14
2159,901169,X19,X190074,0,7891.16
2160,805036,X19,X190074,0,11016.94
2161,901116,X19,X190074,0,11538.26
2162,805032,X19,X190074,0,12512.46
2163,805031,X19,X190074,0,14422.96
2164,805159,X19,X190074,0,22926.88
2165,805161,X19,X190074,0,27245.57
2166,250059,X19,X190074,0,31444.71
2167,203827,X19,X190074,0,35629.59
2168,202289,X19,X190074,0,35986.43
2169,202090,X19,X190074,0,36446.94
2170,202292,X19,X190074,0,36702.75
2171,202293,X19,X190074,0,36831.41
2172,202294,X19,X190074,0,37093.39
2173,202295,X19,X190074,0,37210.69
2174,202914,X19,X190074,0,37655.27
2175,203805,X19,X190074,0,38043.15
2176,203813,X19,X190074,0,38281.68
2177,203721,X19,X190074,0,38592.04
2178,203820,X19,X190074,0,38829.02
2179,203822,X19,X190074,0,39298.98
2180,203821,X19,X190074,0,39632.18
2181,203832,X19,X190074,0,40080.16
2182,203804,X19,X190074,0,40247.2
2183,203823,X19,X190074,0,40379.08
2184,203824,X19,X190074,0,40684.13
2185,203825,X19,X190074,0,40928.23
2186,203002,X19,X190074,0,41207.88
2187,202501,X2,X20105,0,0.15
2188,202503,X2,X20105,0,305.98
2189,250054,X2,X20105,0,941.19
2190,201020,X2,X20105,0,1154.22
2191,201022,X2,X20105,0,1745.37
2192,201026,X2,X20105,0,2278.68
2193,201630,X2,X20105,0,2566.46
2194,201028,X2,X20105,0,2759.8
2195,201031,X2,X20105,0,3245.13
2196,201032,X2,X20105,0,3538.0
2197,201033,X2,X20105,0,3656.85
2198,201034,X2,X20105,0,3863.63
2199,201036,X2,X20105,0,4190.28
2200,201038,X2,X20105,0,4591.65
2201,203700,X2,X20105,0,5229.9
2202,203701,X2,X20105,0,5744.65
2203,203341,X2,X20105,0,6000.0
2204,203342,X2,X20105,0,6263.41
2205,201052,X2,X20105,0,6775.79
2206,203798,X2,X20105,0,7026.97
2207,203344,X2,X20105,0,7488.9
2208,901108,X2,X20105,0,14021.3
2209,901112,X2,X20105,0,23749.88
2210,901111,X2,X20105,0,25941.85
2211,402143,X2,X20105,0,30706.22
2212,402145,X2,X20105,0,31149.07
2213,404943,X2,X20105,0,31490.23
2214,905067,X2,X20105,0,31617.38
2215,400186,X2,X20105,0,31950.71
2216,400354,X2,X20105,0,32544.05
2217,450040,X2,X20105,0,33062.66
2218,400359,X2,X20105,0,33583.41
2219,400022,X2,X20105,0,33977.15
2220,400023,X2,X20105,0,34217.6
2221,402214,X2,X20105,0,34664.27
2222,402215,X2,X20105,0,34850.55
2223,405013,X22,X220174,0,0.21
2224,402839,X22,X220174,0,503.07
2225,404175,X22,X220174,0,1006.18
2226,403804,X22,X220174,0,1474.07
2227,403257,X22,X220174,0,1836.17
2228,403830,X22,X220174,0,2137.29
2229,403259,X22,X220174,0,2438.32
2230,401851,X22,X220174,0,2732.39
2231,905063,X22,X220174,0,32343.79
2232,250059,X22,X220174,0,40036.11
2233,202242,X22,X220174,0,44301.58
2234,203569,X22,X220174,0,44970.21
2235,203517,X22,X220174,0,45402.48
2236,805029,X22,X220174,0,45939.75
2237,203665,X22,X220174,0,46493.07
2238,203521,X22,X220174,0,46710.3
2239,203522,X22,X220174,0,47122.61
2240,250036,X22,X220174,0,47748.98
2241,203882,X22,X220174,0,48436.26
2242,203849,X22,X220174,0,48730.31
2243,250037,X22,X220174,0,49624.7
2244,250041,X22,X220174,0,50796.4
2245,250042,X22,X220174,0,51171.63
2246,250043,X22,X220174,0,51978.29
2247,250044,X22,X220174,0,52304.24
2248,250045,X22,X220174,0,52709.5
2249,250046,X22,X220174,0,53096.69
2250,203833,X22,X220174,0,53676.17
2251,203880,X22,X220174,0,53926.74
2252,200968,X22,X220174,0,54371.33
2253,200969,X22,X220174,0,54530.02
2254,200970,X22,X220174,0,54832.96
2255,200972,X22,X220174,0,55285.85
2256,203834,X22,X220174,0,55615.04
2257,405013,X22A,X22A0025,0,0.21
2258,402839,X22A,X22A0025,0,503.07
2259,404175,X22A,X22A0025,0,1006.18
2260,403804,X22A,X22A0025,0,1474.07
2261,403257,X22A,X22A0025,0,1836.17
2262,403830,X22A,X22A0025,0,2137.29
2263,403259,X22A,X22A0025,0,2438.32
2264,401851,X22A,X22A0025,0,2732.39
2265,905063,X22A,X22A0025,0,32343.79
2266,250059,X22A,X22A0025,0,40036.11
2267,202242,X22A,X22A0025,0,44301.58
2268,805151,X22A,X22A0025,0,49161.69
2269,805152,X22A,X22A0025,0,50647.72
2270,250037,X22A,X22A0025,0,51961.58
2271,250041,X22A,X22A0025,0,53133.29
2272,250042,X22A,X22A0025,0,53508.52
2273,250043,X22A,X22A0025,0,54315.18
2274,250044,X22A,X22A0025,0,54641.13
2275,250045,X22A,X22A0025,0,55046.39
2276,250046,X22A,X22A0025,0,55433.58
2277,203833,X22A,X22A0025,0,56013.06
2278,203880,X22A,X22A0025,0,56263.63
2279,200968,X22A,X22A0025,0,56708.22
2280,200969,X22A,X22A0025,0,56866.91
2281,200970,X22A,X22A0025,0,57169.85
2282,200972,X22A,X22A0025,0,57622.74
2283,203834,X22A,X22A0025,0,57951.93
2284,202501,X3,X30103,0,0.15
2285,202503,X3,X30103,0,305.98
2286,250054,X3,X30103,0,941.19
2287,201020,X3,X30103,0,1154.22
2288,805168,X3,X30103,0,1656.56
2289,201026,X3,X30103,0,2278.68
2290,201630,X3,X30103,0,2566.46
2291,201028,X3,X30103,0,2759.8
2292,201031,X3,X30103,0,3245.13
2293,201032,X3,X30103,0,3538.0
2294,201033,X3,X30103,0,3656.85
2295,201034,X3,X30103,0,3863.63
2296,201036,X3,X30103,0,4190.28
2297,201038,X3,X30103,0,4591.65
2298,203700,X3,X30103,0,5229.9
2299,203701,X3,X30103,0,5744.65
2300,203341,X3,X30103,0,6000.0
2301,203342,X3,X30103,0,6263.41
2302,201052,X3,X30103,0,6775.79
2303,203798,X3,X30103,0,7026.97
2304,203344,X3,X30103,0,7488.9
2305,805033,X3,X30103,0,10916.55
2306,805035,X3,X30103,0,12809.51
2307,901114,X3,X30103,0,14021.75
2308,805034,X3,X30103,0,14379.97
2309,805037,X3,X30103,0,14766.68
2310,805039,X3,X30103,0,17988.47
2311,805038,X3,X30103,0,20038.61
2312,901171,X3,X30103,0,21414.04
2313,404887,X3,X30103,0,23859.21
2314,400070,X3,X30103,0,24249.36
2315,404226,X3,X30103,0,24524.0
2316,450402,X3,X30103,0,24710.8
2317,404890,X3,X30103,0,24928.79
2318,404966,X3,X30103,0,25714.06
2319,905043,X30,X300090,0,0.21
2320,403992,X30,X300090,0,213.62
2321,403984,X30,X300090,0,482.31
2322,403562,X30,X300090,0,734.92
2323,403736,X30,X300090,0,967.07
2324,403621,X30,X300090,0,1312.43
2325,404215,X30,X300090,0,1858.35
2326,450126,X30,X300090,0,2527.38
2327,403257,X30,X300090,0,2809.96
2328,403830,X30,X300090,0,3111.08
2329,403259,X30,X300090,0,3412.11
2330,401851,X30,X300090,0,3706.18
2331,805116,X30,X300090,0,4475.1
2332,805115,X30,X300090,0,35154.47
2333,805114,X30,X300090,0,36793.41
2334,203677,X30,X300090,0,37036.15
2335,905044,X30,X300090,0,38018.63
2336,201485,X30,X300090,0,38429.3
2337,203537,X30,X300090,0,38769.5
2338,200407,X30,X300090,0,39485.31
2339,203809,X30,X300090,0,39945.85
2340,201492,X30,X300090,0,40081.53
2341,201495,X30,X300090,0,40655.98
2342,201497,X30,X300090,0,41050.22
2343,201498,X30,X300090,0,41266.68
2344,201499,X30,X300090,0,41530.54
2345,201501,X30,X300090,0,41878.77
2346,201503,X30,X300090,0,42331.4
2347,203753,X30,X300090,0,43129.48
2348,201509,X30,X300090,0,43725.08
2349,201511,X30,X300090,0,44126.12
2350,201513,X30,X300090,0,44665.34
2351,200574,X30,X300090,0,45222.4
2352,200575,X30,X300090,0,45555.39
2353,805030,X30,X300090,0,46022.28
2354,200579,X30,X300090,0,46480.35
2355,200713,X30,X300090,0,46721.88
2356,203903,X31,X310118,0,16.36
2357,203685,X31,X310118,0,1294.13
2358,202845,X31,X310118,0,1886.06
2359,202842,X31,X310118,0,2925.56
2360,202841,X31,X310118,0,3317.22
2361,202840,X31,X310118,0,3672.34
2362,202990,X31,X310118,0,3976.35
2363,203133,X31,X310118,0,4387.36
2364,203557,X31,X310118,0,4627.1
2365,203359,X31,X310118,0,5079.93
2366,202699,X31,X310118,0,5488.89
2367,202700,X31,X310118,0,5646.98
2368,202937,X31,X310118,0,6278.67
2369,202703,X31,X310118,0,7250.5
2370,202705,X31,X310118,0,7779.26
2371,202707,X31,X310118,0,8216.5
2372,201476,X31,X310118,0,8741.55
2373,203611,X31,X310118,0,9201.91
2374,805033,X31,X310118,0,18154.32
2375,805035,X31,X310118,0,20047.28
2376,901114,X31,X310118,0,21259.52
2377,805034,X31,X310118,0,21617.74
2378,805037,X31,X310118,0,22004.45
2379,805039,X31,X310118,0,25226.24
2380,805038,X31,X310118,0,27276.38
2381,901171,X31,X310118,0,28651.81
2382,905088,X31,X310118,0,36261.22
2383,401819,X31,X310118,0,36675.59
2384,404280,X31,X310118,0,36946.98
2385,401821,X31,X310118,0,37222.26
2386,401822,X31,X310118,0,37552.76
2387,400354,X31,X310118,0,37742.16
2388,403458,X31,X310118,0,38211.63
2389,400359,X31,X310118,0,38781.53
2390,400022,X31,X310118,0,39175.26
2391,403620,X31,X310118,0,39555.87
2392,402212,X31,X310118,0,39713.13
2393,402215,X31,X310118,0,40048.67
2394,903013,X4,X40135,0,3.06
2395,404201,X4,X40135,0,1223.01
2396,903118,X4,X40135,0,1461.67
2397,404932,X4,X40135,0,1576.69
2398,404189,X4,X40135,0,1908.86
2399,404190,X4,X40135,0,2158.49
2400,905148,X4,X40135,0,2641.74
2401,901116,X4,X40135,0,12156.4
2402,805113,X4,X40135,0,18349.64
2403,905051,X4,X40135,0,19049.73
2404,200171,X4,X40135,0,19471.54
2405,203226,X4,X40135,0,20232.38
2406,200219,X4,X40135,0,21210.11
2407,200223,X4,X40135,0,21721.92
2408,200225,X4,X40135,0,22119.02
2409,203634,X4,X40135,0,22523.45
2410,203426,X4,X40135,0,23238.49
2411,200233,X4,X40135,0,23581.95
2412,200234,X4,X40135,0,23903.26
2413,201117,X4,X40135,0,24709.53
2414,201126,X4,X40135,0,26468.72
2415,201128,X4,X40135,0,26969.07
2416,201130,X4,X40135,0,27494.87
2417,201132,X4,X40135,0,27836.44
2418,201133,X4,X40135,0,28461.61
2419,201136,X4,X40135,0,28945.08
2420,201137,X4,X40135,0,29210.91
2421,201139,X4,X40135,0,29587.79
2422,201141,X4,X40135,0,30022.34
2423,200367,X4,X40135,0,30363.53
2424,200368,X4,X40135,0,30653.79
2425,202665,X4,X40135,0,30982.33
2426,200371,X4,X40135,0,31163.4
2427,200375,X4,X40135,0,32251.73
2428,200377,X4,X40135,0,32578.39
2429,200380,X4,X40135,0,33218.16
2430,200381,X4,X40135,0,33372.76
2431,200382,X4,X40135,0,33589.4
2432,200384,X4,X40135,0,34097.91
2433,905046,X4,X40135,0,34677.47
2434,202097,X5,X50190,0,0.13
2435,200462,X5,X50190,0,551.51
2436,203075,X5,X50190,0,1072.62
2437,200466,X5,X50190,0,1277.78
2438,200467,X5,X50190,0,1433.58
2439,200470,X5,X50190,0,2005.21
2440,200472,X5,X50190,0,2404.75
2441,200474,X5,X50190,0,2838.05
2442,200476,X5,X50190,0,3292.47
2443,200479,X5,X50190,0,3674.77
2444,203399,X5,X50190,0,3967.21
2445,203361,X5,X50190,0,4280.78
2446,201003,X5,X50190,0,4639.29
2447,201005,X5,X50190,0,5071.24
2448,201007,X5,X50190,0,5460.82
2449,201008,X5,X50190,0,5726.36
2450,201011,X5,X50190,0,6343.81
2451,201012,X5,X50190,0,6838.3
2452,201014,X5,X50190,0,7168.99
2453,201016,X5,X50190,0,7698.35
2454,250054,X5,X50190,0,8347.27
2455,201630,X5,X50190,0,9972.54
2456,200097,X5,X50190,0,10792.81
2457,200099,X5,X50190,0,11037.65
2458,201680,X5,X50190,0,11406.26
2459,200102,X5,X50190,0,11755.62
2460,200104,X5,X50190,0,12161.98
2461,203236,X5,X50190,0,12871.29
2462,203104,X5,X50190,0,13385.01
2463,200115,X5,X50190,0,14424.86
2464,200165,X5,X50190,0,15048.05
2465,200132,X5,X50190,0,15579.82
2466,805033,X5,X50190,0,18927.49
2467,805035,X5,X50190,0,20820.45
2468,901114,X5,X50190,0,22032.69
2469,805034,X5,X50190,0,22390.91
2470,805037,X5,X50190,0,22777.63
2471,805039,X5,X50190,0,25999.41
2472,805038,X5,X50190,0,28049.55
2473,901171,X5,X50190,0,29424.98
2474,901112,X5,X50190,0,31761.11
2475,901111,X5,X50190,0,33953.07
2476,402143,X5,X50190,0,38717.45
2477,402145,X5,X50190,0,39160.3
2478,905068,X5,X50190,0,39648.78
2479,400186,X5,X50190,0,39961.94
2480,400354,X5,X50190,0,40555.27
2481,450040,X5,X50190,0,41073.89
2482,400359,X5,X50190,0,41594.64
2483,400022,X5,X50190,0,41988.37
2484,400023,X5,X50190,0,42228.83
2485,402214,X5,X50190,0,42675.5
2486,402215,X5,X50190,0,42861.78
2487,202097,X7,X70127,0,0.13
2488,203093,X7,X70127,0,462.84
2489,203872,X7,X70127,0,948.12
2490,203600,X7,X70127,0,1354.55
2491,203601,X7,X70127,0,1770.56
2492,200358,X7,X70127,0,2064.51
2493,203602,X7,X70127,0,2538.19
2494,200361,X7,X70127,0,2943.37
2495,200363,X7,X70127,0,3549.71
2496,201003,X7,X70127,0,3952.09
2497,201005,X7,X70127,0,4384.04
2498,201007,X7,X70127,0,4773.62
2499,201008,X7,X70127,0,5039.16
2500,201011,X7,X70127,0,5656.61
2501,201012,X7,X70127,0,6151.1
2502,201014,X7,X70127,0,6481.79
2503,201016,X7,X70127,0,7011.15
2504,250054,X7,X70127,0,7660.07
2505,201630,X7,X70127,0,9285.34
2506,200097,X7,X70127,0,10105.6
2507,200099,X7,X70127,0,10350.45
2508,201680,X7,X70127,0,10719.05
2509,200102,X7,X70127,0,11068.42
2510,200104,X7,X70127,0,11474.78
2511,203104,X7,X70127,0,12697.81
2512,200115,X7,X70127,0,13737.66
2513,200165,X7,X70127,0,14360.85
2514,200132,X7,X70127,0,14892.62
2515,901114,X7,X70127,0,21344.72
2516,405017,X7,X70127,0,34477.58
2517,405031,X7,X70127,0,34954.88
2518,905090,X7,X70127,0,36370.64
2519,400929,X7,X70127,0,39144.17
2520,400732,X7,X70127,0,39594.41
2521,400933,X7,X70127,0,40021.2
2522,903037,X7,X70127,0,40579.72
2523,403132,X7,X70127,0,41275.24
2524,403133,X7,X70127,0,41434.71
2525,903036,X7,X70127,0,42078.8
2526,404923,X7,X70142,0,0.05
2527,404050,X7,X70142,0,391.13
2528,405177,X7,X70142,0,670.98
2529,404873,X7,X70142,0,1663.61
2530,404228,X7,X70142,0,2229.79
2531,400323,X7,X70142,0,2620.05
2532,405042,X7,X70142,0,3243.77
2533,402130,X7,X70142,0,3670.36
2534,400145,X7,X70142,0,4014.95
2535,404197,X7,X70142,0,4625.65
2536,400153,X7,X70142,0,5271.17
2537,404931,X7,X70142,0,5806.28
2538,404294,X7,X70142,0,6959.42
2539,405305,X7,X70142,0,8066.44
2540,905149,X7,X70142,0,8786.95
2541,903013,X7,X70142,0,9071.14
2542,901109,X7,X70142,0,19201.77
2543,805113,X7,X70142,0,25598.71
2544,905051,X7,X70142,0,26298.8
2545,200171,X7,X70142,0,26720.61
2546,203226,X7,X70142,0,27481.45
2547,200219,X7,X70142,0,28459.18
2548,200223,X7,X70142,0,28970.99
2549,200225,X7,X70142,0,29368.09
2550,203634,X7,X70142,0,29772.52
2551,200233,X7,X70142,0,30831.02
2552,200234,X7,X70142,0,31152.34
2553,201117,X7,X70142,0,31958.6
2554,201126,X7,X70142,0,33717.79
2555,201128,X7,X70142,0,34218.14
2556,201130,X7,X70142,0,34743.94
2557,805021,X7,X70142,0,35004.81
2558,201133,X7,X70142,0,35710.68
2559,201136,X7,X70142,0,36194.15
2560,201137,X7,X70142,0,36459.98
2561,201139,X7,X70142,0,36836.86
2562,200484,X7,X70142,0,37259.8
2563,200486,X7,X70142,0,37605.86
2564,200488,X7,X70142,0,38176.46
2565,200490,X7,X70142,0,38616.91
2566,200492,X7,X70142,0,39040.04
2567,203838,X7,X70142,0,39190.94
2568,203875,X7,X70142,0,39421.6
2569,203873,X7,X70142,0,39794.71
2570,203874,X7,X70142,0,40191.46
2571,202232,X7,X70142,0,40557.44
2572,905046,X7,X70142,0,41116.27
2573,202501,X9,X90106,0,0.15
2574,202503,X9,X90106,0,305.98
2575,250054,X9,X90106,0,941.19
2576,201020,X9,X90106,0,1154.22
2577,201022,X9,X90106,0,1745.37
2578,201026,X9,X90106,0,2278.68
2579,201630,X9,X90106,0,2566.46
2580,201028,X9,X90106,0,2759.8
2581,201031,X9,X90106,0,3245.13
2582,201032,X9,X90106,0,3538.0
2583,201033,X9,X90106,0,3656.85
2584,201034,X9,X90106,0,3863.63
2585,201036,X9,X90106,0,4190.28
2586,201038,X9,X90106,0,4591.65
2587,203700,X9,X90106,0,5229.9
2588,203701,X9,X90106,0,5744.65
2589,203341,X9,X90106,0,6000.0
2590,203342,X9,X90106,0,6263.41
2591,201052,X9,X90106,0,6775.79
2592,203344,X9,X90106,0,7488.9
2593,805033,X9,X90106,0,10916.55
2594,805035,X9,X90106,0,12809.51
2595,901114,X9,X90106,0,14021.75
2596,805034,X9,X90106,0,14379.97
2597,805037,X9,X90106,0,14766.68
2598,805039,X9,X90106,0,17988.47
2599,805038,X9,X90106,0,20038.61
2600,901171,X9,X90106,0,21414.04
2601,405017,X9,X90106,0,23563.77
2602,405031,X9,X90106,0,24041.07
2603,400732,X9,X90106,0,28680.6
2604,400933,X9,X90106,0,29107.38
2605,400936,X9,X90106,0,29768.8
2606,403132,X9,X90106,0,30361.43
2607,405046,X9,X90106,0,30642.63
2608,404992,X9,X90106,0,30949.89
2609,903036,X9,X90106,0,31164.99
