,trip_id,vehicle_id,route_id,stop_id,time_of_day,date,dist_along_route,stop_num_from_call
0,MA_A6-Weekday-SDon-039500_X1011_601,2903.0,X11,203611.0,12:00:00,20160125,6509.32952381,0.0
0,MA_A6-Weekday-SDon-039500_X1011_601,2903.0,X11,203614.0,12:00:00,20160125,6509.32952381,3.0
0,MA_A6-Weekday-SDon-039500_X1011_601,2903.0,X11,203614.0,12:05:00,20160125,7869.85,1.0
0,CA_A6-Weekday-SDon-041000_X14_308,2213.0,X14,203456.0,12:00:00,20160125,1233.33809524,13.0
1,CA_A6-Weekday-SDon-040000_X14_307,2646.0,X14,203456.0,12:00:00,20160125,4498.70112903,2.0
0,CA_A6-Weekday-SDon-041000_X14_308,2213.0,X14,405043.0,12:00:00,20160125,1233.33809524,34.0
1,CA_A6-Weekday-SDon-036300_X14_304,2647.0,X14,405043.0,12:00:00,20160125,18038.7777778,2.0
2,CA_A6-Weekday-SDon-037800_X14_305,2221.0,X14,405043.0,12:00:00,20160125,9544.695,11.0
3,CA_A6-Weekday-SDon-039000_X14_306,2224.0,X14,405043.0,12:00:00,20160125,5928.17483871,20.0
4,CA_A6-Weekday-SDon-040000_X14_307,2646.0,X14,405043.0,12:00:00,20160125,4498.70112903,23.0
0,CA_A6-Weekday-SDon-039000_X14_306,2224.0,X14,405043.0,12:05:00,20160125,7103.17042672,2.0
1,CA_A6-Weekday-SDon-041000_X14_308,2213.0,X14,405043.0,12:05:00,20160125,2644.83681567,2.0
2,CA_A6-Weekday-SDon-036300_X14_304,2647.0,X14,405043.0,12:05:00,20160125,22637.3107692,2.0
3,CA_A6-Weekday-SDon-040000_X14_307,2646.0,X14,405043.0,12:05:00,20160125,6020.32746032,20.0
0,CA_A6-Weekday-SDon-039000_X14_306,2224.0,X14,405043.0,12:10:00,20160125,9602.22344397,2.0
1,CA_A6-Weekday-SDon-041000_X14_308,2213.0,X14,405043.0,12:10:00,20160125,4494.1343891,2.0
2,CA_A6-Weekday-SDon-040000_X14_307,2646.0,X14,405043.0,12:10:00,20160125,8608.79721276,2.0
0,CA_A6-Weekday-SDon-039000_X14_306,2224.0,X14,405043.0,12:15:00,20160125,12101.2764612,2.0
1,CA_A6-Weekday-SDon-041000_X14_308,2213.0,X14,405043.0,12:15:00,20160125,6343.43196254,2.0
2,CA_A6-Weekday-SDon-040000_X14_307,2646.0,X14,405043.0,12:15:00,20160125,11200.6740149,2.0
0,CA_A6-Weekday-SDon-039000_X14_306,2224.0,X14,405043.0,12:20:00,20160125,14600.3294784,2.0
1,CA_A6-Weekday-SDon-041000_X14_308,2213.0,X14,405043.0,12:20:00,20160125,8192.72953597,2.0
2,CA_A6-Weekday-SDon-040000_X14_307,2646.0,X14,405043.0,12:20:00,20160125,13792.550817,2.0
0,CA_A6-Weekday-SDon-039000_X14_306,2224.0,X14,405043.0,12:25:00,20160125,17099.3824957,2.0
1,CA_A6-Weekday-SDon-041000_X14_308,2213.0,X14,405043.0,12:25:00,20160125,10042.0271094,2.0
2,CA_A6-Weekday-SDon-040000_X14_307,2646.0,X14,405043.0,12:25:00,20160125,16384.427619,2.0
0,CA_A6-Weekday-SDon-039000_X14_306,2224.0,X14,405043.0,12:30:00,20160125,19598.4355129,2.0
1,CA_A6-Weekday-SDon-041000_X14_308,2213.0,X14,405043.0,12:30:00,20160125,11891.3246828,2.0
2,CA_A6-Weekday-SDon-040000_X14_307,2646.0,X14,405043.0,12:30:00,20160125,18976.3044211,2.0
0,CA_A6-Weekday-SDon-037800_X14_305,2221.0,X14,903205.0,12:00:00,20160125,9544.695,10.0
1,CA_A6-Weekday-SDon-036300_X14_304,2647.0,X14,903205.0,12:00:00,20160125,18038.7777778,1.0
2,CA_A6-Weekday-SDon-041000_X14_308,2213.0,X14,903205.0,12:00:00,20160125,1233.33809524,33.0
3,CA_A6-Weekday-SDon-039000_X14_306,2224.0,X14,903205.0,12:00:00,20160125,5928.17483871,19.0
4,CA_A6-Weekday-SDon-040000_X14_307,2646.0,X14,903205.0,12:00:00,20160125,4498.70112903,22.0
0,CA_A6-Weekday-SDon-039000_X14_306,2224.0,X14,903205.0,12:05:00,20160125,7103.17042672,1.0
1,CA_A6-Weekday-SDon-036300_X14_304,2647.0,X14,903205.0,12:05:00,20160125,22637.3107692,1.0
2,CA_A6-Weekday-SDon-040000_X14_307,2646.0,X14,903205.0,12:05:00,20160125,6020.32746032,19.0
3,CA_A6-Weekday-SDon-041000_X14_308,2213.0,X14,903205.0,12:05:00,20160125,2644.83681567,1.0
0,CA_A6-Weekday-SDon-039000_X14_306,2224.0,X14,903205.0,12:10:00,20160125,9602.22344397,1.0
1,CA_A6-Weekday-SDon-040000_X14_307,2646.0,X14,903205.0,12:10:00,20160125,8608.79721276,1.0
2,CA_A6-Weekday-SDon-041000_X14_308,2213.0,X14,903205.0,12:10:00,20160125,4494.1343891,1.0
0,CA_A6-Weekday-SDon-039000_X14_306,2224.0,X14,903205.0,12:15:00,20160125,12101.2764612,1.0
1,CA_A6-Weekday-SDon-040000_X14_307,2646.0,X14,903205.0,12:15:00,20160125,11200.6740149,1.0
2,CA_A6-Weekday-SDon-041000_X14_308,2213.0,X14,903205.0,12:15:00,20160125,6343.43196254,1.0
0,CA_A6-Weekday-SDon-039000_X14_306,2224.0,X14,903205.0,12:20:00,20160125,14600.3294784,1.0
1,CA_A6-Weekday-SDon-040000_X14_307,2646.0,X14,903205.0,12:20:00,20160125,13792.550817,1.0
2,CA_A6-Weekday-SDon-041000_X14_308,2213.0,X14,903205.0,12:20:00,20160125,8192.72953597,1.0
0,CA_A6-Weekday-SDon-039000_X14_306,2224.0,X14,903205.0,12:25:00,20160125,17099.3824957,1.0
1,CA_A6-Weekday-SDon-040000_X14_307,2646.0,X14,903205.0,12:25:00,20160125,16384.427619,1.0
2,CA_A6-Weekday-SDon-041000_X14_308,2213.0,X14,903205.0,12:25:00,20160125,10042.0271094,1.0
0,CA_A6-Weekday-SDon-039000_X14_306,2224.0,X14,903205.0,12:30:00,20160125,19598.4355129,1.0
1,CA_A6-Weekday-SDon-040000_X14_307,2646.0,X14,903205.0,12:30:00,20160125,18976.3044211,1.0
2,CA_A6-Weekday-SDon-041000_X14_308,2213.0,X14,903205.0,12:30:00,20160125,11891.3246828,1.0
0,CA_A6-Weekday-SDon-041000_X14_308,2213.0,X14,803071.0,12:00:00,20160125,1233.33809524,40.0
1,CA_A6-Weekday-SDon-036300_X14_304,2647.0,X14,803071.0,12:00:00,20160125,18038.7777778,8.0
2,CA_A6-Weekday-SDon-037800_X14_305,2221.0,X14,803071.0,12:00:00,20160125,9544.695,17.0
3,CA_A6-Weekday-SDon-039000_X14_306,2224.0,X14,803071.0,12:00:00,20160125,5928.17483871,26.0
4,CA_A6-Weekday-SDon-040000_X14_307,2646.0,X14,803071.0,12:00:00,20160125,4498.70112903,29.0
0,CA_A6-Weekday-SDon-039000_X14_306,2224.0,X14,803071.0,12:05:00,20160125,7103.17042672,8.0
1,CA_A6-Weekday-SDon-041000_X14_308,2213.0,X14,803071.0,12:05:00,20160125,2644.83681567,8.0
2,CA_A6-Weekday-SDon-036300_X14_304,2647.0,X14,803071.0,12:05:00,20160125,22637.3107692,8.0
3,CA_A6-Weekday-SDon-040000_X14_307,2646.0,X14,803071.0,12:05:00,20160125,6020.32746032,26.0
0,CA_A6-Weekday-SDon-039000_X14_306,2224.0,X14,803071.0,12:10:00,20160125,9602.22344397,8.0
1,CA_A6-Weekday-SDon-041000_X14_308,2213.0,X14,803071.0,12:10:00,20160125,4494.1343891,8.0
2,CA_A6-Weekday-SDon-040000_X14_307,2646.0,X14,803071.0,12:10:00,20160125,8608.79721276,8.0
0,CA_A6-Weekday-SDon-039000_X14_306,2224.0,X14,803071.0,12:15:00,20160125,12101.2764612,8.0
1,CA_A6-Weekday-SDon-041000_X14_308,2213.0,X14,803071.0,12:15:00,20160125,6343.43196254,8.0
2,CA_A6-Weekday-SDon-040000_X14_307,2646.0,X14,803071.0,12:15:00,20160125,11200.6740149,8.0
0,CA_A6-Weekday-SDon-039000_X14_306,2224.0,X14,803071.0,12:20:00,20160125,14600.3294784,8.0
1,CA_A6-Weekday-SDon-041000_X14_308,2213.0,X14,803071.0,12:20:00,20160125,8192.72953597,8.0
2,CA_A6-Weekday-SDon-040000_X14_307,2646.0,X14,803071.0,12:20:00,20160125,13792.550817,8.0
0,CA_A6-Weekday-SDon-039000_X14_306,2224.0,X14,803071.0,12:25:00,20160125,17099.3824957,8.0
1,CA_A6-Weekday-SDon-041000_X14_308,2213.0,X14,803071.0,12:25:00,20160125,10042.0271094,8.0
2,CA_A6-Weekday-SDon-040000_X14_307,2646.0,X14,803071.0,12:25:00,20160125,16384.427619,8.0
0,CA_A6-Weekday-SDon-039000_X14_306,2224.0,X14,803071.0,12:30:00,20160125,19598.4355129,8.0
1,CA_A6-Weekday-SDon-041000_X14_308,2213.0,X14,803071.0,12:30:00,20160125,11891.3246828,8.0
2,CA_A6-Weekday-SDon-040000_X14_307,2646.0,X14,803071.0,12:30:00,20160125,18976.3044211,8.0
0,MA_A6-Weekday-SDon-042500_X1011_602,2872.0,X11,202669.0,12:10:00,20160126,903.287741935,1.0
0,CA_A6-Weekday-SDon-043500_X1011_315,2582.0,X11,202669.0,12:25:00,20160126,1328.84584615,1.0
1,MA_A6-Weekday-SDon-044500_X1011_603,2849.0,X11,202669.0,12:25:00,20160126,7.96,4.0
0,MA_A6-Weekday-SDon-044500_X1011_603,2849.0,X11,202669.0,12:30:00,20160126,1120.56489362,0.0
0,CA_A6-Weekday-SDon-041000_X1011_309,2224.0,X11,201948.0,12:05:00,20160126,2472.74571429,4.0
0,MA_A6-Weekday-SDon-042500_X1011_602,2872.0,X11,201948.0,12:10:00,20160126,903.287741935,7.0
1,CA_A6-Weekday-SDon-041000_X1011_309,2224.0,X11,201948.0,12:10:00,20160126,3675.913125,1.0
0,MA_A6-Weekday-SDon-042500_X1011_602,2872.0,X11,201948.0,12:15:00,20160126,2798.23125,3.0
1,CA_A6-Weekday-SDon-041000_X1011_309,2224.0,X11,201948.0,12:15:00,20160126,4278.92387097,0.0
0,MA_A6-Weekday-SDon-042500_X1011_602,2872.0,X11,201948.0,12:20:00,20160126,3824.26396825,1.0
0,CA_A6-Weekday-SDon-043500_X1011_315,2582.0,X11,201948.0,12:25:00,20160126,1328.84584615,7.0
1,MA_A6-Weekday-SDon-044500_X1011_603,2849.0,X11,201948.0,12:25:00,20160126,7.96,10.0
2,MA_A6-Weekday-SDon-042500_X1011_602,2872.0,X11,201948.0,12:25:00,20160126,4350.380625,0.0
0,CA_A6-Weekday-SDon-043500_X1011_315,2582.0,X11,201948.0,12:30:00,20160126,3244.93947917,1.0
1,MA_A6-Weekday-SDon-044500_X1011_603,2849.0,X11,201948.0,12:30:00,20160126,1120.56489362,6.0
0,CA_A6-Weekday-SDon-041000_X1011_309,2224.0,X11,202589.0,12:05:00,20160126,2472.74571429,2.0
0,MA_A6-Weekday-SDon-042500_X1011_602,2872.0,X11,202589.0,12:10:00,20160126,903.287741935,5.0
0,MA_A6-Weekday-SDon-042500_X1011_602,2872.0,X11,202589.0,12:15:00,20160126,2798.23125,1.0
0,CA_A6-Weekday-SDon-043500_X1011_315,2582.0,X11,202589.0,12:25:00,20160126,1328.84584615,5.0
1,MA_A6-Weekday-SDon-044500_X1011_603,2849.0,X11,202589.0,12:25:00,20160126,7.96,8.0
0,MA_A6-Weekday-SDon-044500_X1011_603,2849.0,X11,202589.0,12:30:00,20160126,1120.56489362,4.0
0,CA_A6-Weekday-SDon-041000_X1011_309,2224.0,X11,201951.0,12:05:00,20160126,2472.74571429,6.0
0,MA_A6-Weekday-SDon-042500_X1011_602,2872.0,X11,201951.0,12:10:00,20160126,903.287741935,9.0
1,CA_A6-Weekday-SDon-041000_X1011_309,2224.0,X11,201951.0,12:10:00,20160126,3675.913125,3.0
0,MA_A6-Weekday-SDon-042500_X1011_602,2872.0,X11,201951.0,12:15:00,20160126,2798.23125,5.0
1,CA_A6-Weekday-SDon-041000_X1011_309,2224.0,X11,201951.0,12:15:00,20160126,4278.92387097,2.0
0,MA_A6-Weekday-SDon-042500_X1011_602,2872.0,X11,201951.0,12:20:00,20160126,3824.26396825,3.0
0,CA_A6-Weekday-SDon-043500_X1011_315,2582.0,X11,201951.0,12:25:00,20160126,1328.84584615,9.0
1,MA_A6-Weekday-SDon-044500_X1011_603,2849.0,X11,201951.0,12:25:00,20160126,7.96,12.0
2,MA_A6-Weekday-SDon-042500_X1011_602,2872.0,X11,201951.0,12:25:00,20160126,4350.380625,2.0
0,CA_A6-Weekday-SDon-043500_X1011_315,2582.0,X11,201951.0,12:30:00,20160126,3244.93947917,3.0
1,MA_A6-Weekday-SDon-044500_X1011_603,2849.0,X11,201951.0,12:30:00,20160126,1120.56489362,8.0
0,CA_A6-Weekday-SDon-041000_X14_308,2581.0,X14,203723.0,12:00:00,20160126,2445.63588235,16.0
1,CA_A6-Weekday-SDon-039000_X14_306,2643.0,X14,203723.0,12:00:00,20160126,7145.41829596,2.0
2,CA_A6-Weekday-SDon-040000_X14_307,2661.0,X14,203723.0,12:00:00,20160126,4937.77603604,8.0
0,CA_A6-Weekday-SDon-041000_X14_308,2581.0,X14,203723.0,12:05:00,20160126,3614.7340625,13.0
1,CA_A6-Weekday-SDon-042000_X14_309,2647.0,X14,203723.0,12:05:00,20160126,1462.80650794,19.0
2,CA_A6-Weekday-SDon-039000_X14_306,2643.0,X14,203723.0,12:05:00,20160126,7966.58714286,1.0
3,CA_A6-Weekday-SDon-040000_X14_307,2661.0,X14,203723.0,12:05:00,20160126,6401.43193548,4.0
0,CA_A6-Weekday-SDon-041000_X14_308,2581.0,X14,203723.0,12:10:00,20160126,4969.86746032,8.0
1,CA_A6-Weekday-SDon-042000_X14_309,2647.0,X14,203723.0,12:10:00,20160126,2945.10650794,15.0
0,CA_A6-Weekday-SDon-041000_X14_308,2581.0,X14,203723.0,12:15:00,20160126,6161.84968254,5.0
1,CA_A6-Weekday-SDon-042000_X14_309,2647.0,X14,203723.0,12:15:00,20160126,4205.75285714,11.0
2,MA_A6-Weekday-SDon-043000_MISC_651,2862.0,X14,203723.0,12:15:00,20160126,460.869157895,23.0
0,CA_A6-Weekday-SDon-041000_X14_308,2581.0,X14,203723.0,12:20:00,20160126,6841.29096774,3.0
1,CA_A6-Weekday-SDon-042000_X14_309,2647.0,X14,203723.0,12:20:00,20160126,5568.84206349,7.0
2,MA_A6-Weekday-SDon-043000_MISC_651,2862.0,X14,203723.0,12:20:00,20160126,1770.7906383,18.0
0,CA_A6-Weekday-SDon-041000_X14_308,2581.0,X14,203723.0,12:25:00,20160126,8655.34086957,3.0
1,CA_A6-Weekday-SDon-042000_X14_309,2647.0,X14,203723.0,12:25:00,20160126,6696.61914894,3.0
2,MA_A6-Weekday-SDon-043000_MISC_651,2862.0,X14,203723.0,12:25:00,20160126,3189.63444444,14.0
0,CA_A6-Weekday-SDon-041000_X14_308,2581.0,X14,203723.0,12:30:00,20160126,7760.73625,2.0
1,CA_A6-Weekday-SDon-042000_X14_309,2647.0,X14,203723.0,12:30:00,20160126,7021.08489362,3.0
2,MA_A6-Weekday-SDon-043000_MISC_651,2862.0,X14,203723.0,12:30:00,20160126,3920.35978723,11.0
0,MA_A6-Weekday-SDon-043000_MISC_651,2862.0,X14,200428.0,12:15:00,20160126,460.869157895,1.0
0,CA_A6-Weekday-SDon-041000_X14_308,2581.0,X14,903101.0,12:00:00,20160126,2445.63588235,33.0
1,CA_A6-Weekday-SDon-036300_X14_304,2657.0,X14,903101.0,12:00:00,20160126,10589.9384211,5.0
2,CA_A6-Weekday-SDon-037800_X14_305,2214.0,X14,903101.0,12:00:00,20160126,8680.86293578,16.0
3,CA_A6-Weekday-SDon-034800_X14_303,2213.0,X14,903101.0,12:00:00,20160126,26450.9847059,4.0
4,CA_A6-Weekday-SDon-039000_X14_306,2643.0,X14,903101.0,12:00:00,20160126,7145.41829596,19.0
5,CA_A6-Weekday-SDon-040000_X14_307,2661.0,X14,903101.0,12:00:00,20160126,4937.77603604,25.0
0,CA_A6-Weekday-SDon-041000_X14_308,2581.0,X14,903101.0,12:05:00,20160126,3614.7340625,30.0
1,CA_A6-Weekday-SDon-036300_X14_304,2657.0,X14,903101.0,12:05:00,20160126,12838.6565079,5.0
2,CA_A6-Weekday-SDon-042000_X14_309,2647.0,X14,903101.0,12:05:00,20160126,1462.80650794,36.0
3,CA_A6-Weekday-SDon-037800_X14_305,2214.0,X14,903101.0,12:05:00,20160126,9013.83603175,16.0
4,CA_A6-Weekday-SDon-034800_X14_303,2213.0,X14,903101.0,12:05:00,20160126,27579.94,0.0
5,CA_A6-Weekday-SDon-039000_X14_306,2643.0,X14,903101.0,12:05:00,20160126,7966.58714286,18.0
6,CA_A6-Weekday-SDon-040000_X14_307,2661.0,X14,903101.0,12:05:00,20160126,6401.43193548,21.0
0,CA_A6-Weekday-SDon-041000_X14_308,2581.0,X14,903101.0,12:10:00,20160126,4969.86746032,25.0
1,CA_A6-Weekday-SDon-036300_X14_304,2657.0,X14,903101.0,12:10:00,20160126,16368.39625,5.0
2,CA_A6-Weekday-SDon-042000_X14_309,2647.0,X14,903101.0,12:10:00,20160126,2945.10650794,32.0
3,CA_A6-Weekday-SDon-037800_X14_305,2214.0,X14,903101.0,12:10:00,20160126,9382.64,16.0
4,CA_A6-Weekday-SDon-040000_X14_307,2661.0,X14,903101.0,12:10:00,20160126,7517.70162791,16.0
0,CA_A6-Weekday-SDon-041000_X14_308,2581.0,X14,903101.0,12:15:00,20160126,6161.84968254,22.0
1,CA_A6-Weekday-SDon-036300_X14_304,2657.0,X14,903101.0,12:15:00,20160126,20698.635,5.0
2,CA_A6-Weekday-SDon-042000_X14_309,2647.0,X14,903101.0,12:15:00,20160126,4205.75285714,28.0
3,CA_A6-Weekday-SDon-037800_X14_305,2214.0,X14,903101.0,12:15:00,20160126,10073.0174194,5.0
4,MA_A6-Weekday-SDon-043000_MISC_651,2862.0,X14,903101.0,12:15:00,20160126,460.869157895,40.0
5,CA_A6-Weekday-SDon-040000_X14_307,2661.0,X14,903101.0,12:15:00,20160126,8588.6771875,16.0
0,CA_A6-Weekday-SDon-041000_X14_308,2581.0,X14,903101.0,12:20:00,20160126,6841.29096774,20.0
1,CA_A6-Weekday-SDon-036300_X14_304,2657.0,X14,903101.0,12:20:00,20160126,24832.3616495,5.0
2,CA_A6-Weekday-SDon-042000_X14_309,2647.0,X14,903101.0,12:20:00,20160126,5568.84206349,24.0
3,CA_A6-Weekday-SDon-037800_X14_305,2214.0,X14,903101.0,12:20:00,20160126,10641.8564516,5.0
4,MA_A6-Weekday-SDon-043000_MISC_651,2862.0,X14,903101.0,12:20:00,20160126,1770.7906383,35.0
5,CA_A6-Weekday-SDon-040000_X14_307,2661.0,X14,903101.0,12:20:00,20160126,8998.94608696,16.0
0,CA_A6-Weekday-SDon-041000_X14_308,2581.0,X14,903101.0,12:25:00,20160126,8655.34086957,20.0
1,CA_A6-Weekday-SDon-036300_X14_304,2657.0,X14,903101.0,12:25:00,20160126,26508.7308421,3.0
2,CA_A6-Weekday-SDon-042000_X14_309,2647.0,X14,903101.0,12:25:00,20160126,6696.61914894,20.0
3,CA_A6-Weekday-SDon-037800_X14_305,2214.0,X14,903101.0,12:25:00,20160126,13869.5545455,5.0
4,MA_A6-Weekday-SDon-043000_MISC_651,2862.0,X14,903101.0,12:25:00,20160126,3189.63444444,31.0
5,CA_A6-Weekday-SDon-040000_X14_307,2661.0,X14,903101.0,12:25:00,20160126,8958.16978947,16.0
0,CA_A6-Weekday-SDon-041000_X14_308,2581.0,X14,903101.0,12:30:00,20160126,7760.73625,19.0
1,CA_A6-Weekday-SDon-042000_X14_309,2647.0,X14,903101.0,12:30:00,20160126,7021.08489362,20.0
2,CA_A6-Weekday-SDon-037800_X14_305,2214.0,X14,903101.0,12:30:00,20160126,17742.3431579,5.0
3,MA_A6-Weekday-SDon-043000_MISC_651,2862.0,X14,903101.0,12:30:00,20160126,3920.35978723,28.0
4,CA_A6-Weekday-SDon-040000_X14_307,2661.0,X14,903101.0,12:30:00,20160126,9425.09446809,14.0
0,CA_A6-Weekday-SDon-041000_X14_308,2581.0,X14,805038.0,12:00:00,20160126,2445.63588235,27.0
1,CA_A6-Weekday-SDon-037800_X14_305,2214.0,X14,805038.0,12:00:00,20160126,8680.86293578,10.0
2,CA_A6-Weekday-SDon-039000_X14_306,2643.0,X14,805038.0,12:00:00,20160126,7145.41829596,13.0
3,CA_A6-Weekday-SDon-040000_X14_307,2661.0,X14,805038.0,12:00:00,20160126,4937.77603604,19.0
0,CA_A6-Weekday-SDon-041000_X14_308,2581.0,X14,805038.0,12:05:00,20160126,3614.7340625,24.0
1,CA_A6-Weekday-SDon-042000_X14_309,2647.0,X14,805038.0,12:05:00,20160126,1462.80650794,30.0
2,CA_A6-Weekday-SDon-037800_X14_305,2214.0,X14,805038.0,12:05:00,20160126,9013.83603175,10.0
3,CA_A6-Weekday-SDon-039000_X14_306,2643.0,X14,805038.0,12:05:00,20160126,7966.58714286,12.0
4,CA_A6-Weekday-SDon-040000_X14_307,2661.0,X14,805038.0,12:05:00,20160126,6401.43193548,15.0
0,CA_A6-Weekday-SDon-041000_X14_308,2581.0,X14,805038.0,12:10:00,20160126,4969.86746032,19.0
1,CA_A6-Weekday-SDon-042000_X14_309,2647.0,X14,805038.0,12:10:00,20160126,2945.10650794,26.0
2,CA_A6-Weekday-SDon-037800_X14_305,2214.0,X14,805038.0,12:10:00,20160126,9382.64,10.0
3,CA_A6-Weekday-SDon-040000_X14_307,2661.0,X14,805038.0,12:10:00,20160126,7517.70162791,10.0
0,CA_A6-Weekday-SDon-041000_X14_308,2581.0,X14,805038.0,12:15:00,20160126,6161.84968254,16.0
1,CA_A6-Weekday-SDon-042000_X14_309,2647.0,X14,805038.0,12:15:00,20160126,4205.75285714,22.0
2,MA_A6-Weekday-SDon-043000_MISC_651,2862.0,X14,805038.0,12:15:00,20160126,460.869157895,34.0
3,CA_A6-Weekday-SDon-040000_X14_307,2661.0,X14,805038.0,12:15:00,20160126,8588.6771875,10.0
0,CA_A6-Weekday-SDon-041000_X14_308,2581.0,X14,805038.0,12:20:00,20160126,6841.29096774,14.0
1,CA_A6-Weekday-SDon-042000_X14_309,2647.0,X14,805038.0,12:20:00,20160126,5568.84206349,18.0
2,MA_A6-Weekday-SDon-043000_MISC_651,2862.0,X14,805038.0,12:20:00,20160126,1770.7906383,29.0
3,CA_A6-Weekday-SDon-040000_X14_307,2661.0,X14,805038.0,12:20:00,20160126,8998.94608696,10.0
0,CA_A6-Weekday-SDon-041000_X14_308,2581.0,X14,805038.0,12:25:00,20160126,8655.34086957,14.0
1,CA_A6-Weekday-SDon-042000_X14_309,2647.0,X14,805038.0,12:25:00,20160126,6696.61914894,14.0
2,MA_A6-Weekday-SDon-043000_MISC_651,2862.0,X14,805038.0,12:25:00,20160126,3189.63444444,25.0
3,CA_A6-Weekday-SDon-040000_X14_307,2661.0,X14,805038.0,12:25:00,20160126,8958.16978947,10.0
0,CA_A6-Weekday-SDon-041000_X14_308,2581.0,X14,805038.0,12:30:00,20160126,7760.73625,13.0
1,CA_A6-Weekday-SDon-042000_X14_309,2647.0,X14,805038.0,12:30:00,20160126,7021.08489362,14.0
2,MA_A6-Weekday-SDon-043000_MISC_651,2862.0,X14,805038.0,12:30:00,20160126,3920.35978723,22.0
3,CA_A6-Weekday-SDon-040000_X14_307,2661.0,X14,805038.0,12:30:00,20160126,9425.09446809,8.0
0,CA_A6-Weekday-SDon-037500_MISC_433,2667.0,X11,450402.0,12:00:00,20160127,20799.4230769,3.0
1,MA_A6-Weekday-SDon-039500_X1011_601,2897.0,X11,450402.0,12:00:00,20160127,7383.53977662,3.0
0,CA_A6-Weekday-SDon-037500_MISC_433,2667.0,X11,450402.0,12:05:00,20160127,24318.5269231,3.0
1,MA_A6-Weekday-SDon-039500_X1011_601,2897.0,X11,450402.0,12:05:00,20160127,8793.4839315,3.0
0,CA_A6-Weekday-SDon-037500_MISC_433,2667.0,X11,450402.0,12:10:00,20160127,27811.49125,3.0
1,CA_A6-Weekday-SDon-041000_X1011_309,2648.0,X11,450402.0,12:10:00,20160127,4214.61142857,14.0
2,MA_A6-Weekday-SDon-039500_X1011_601,2897.0,X11,450402.0,12:10:00,20160127,10555.0869474,3.0
0,MA_A6-Weekday-SDon-042500_X1011_602,2631.0,X11,450402.0,12:15:00,20160127,1216.28232558,19.0
1,CA_A6-Weekday-SDon-037500_MISC_433,2667.0,X11,450402.0,12:15:00,20160127,29213.2933846,1.0
2,CA_A6-Weekday-SDon-041000_X1011_309,2648.0,X11,450402.0,12:15:00,20160127,5785.6659375,9.0
3,MA_A6-Weekday-SDon-039500_X1011_601,2897.0,X11,450402.0,12:15:00,20160127,12288.1783871,3.0
0,MA_A6-Weekday-SDon-042500_X1011_602,2631.0,X11,450402.0,12:20:00,20160127,3243.37625,16.0
1,CA_A6-Weekday-SDon-041000_X1011_309,2648.0,X11,450402.0,12:20:00,20160127,7162.983125,6.0
2,MA_A6-Weekday-SDon-039500_X1011_601,2897.0,X11,450402.0,12:20:00,20160127,13996.0895833,3.0
3,CA_A6-Weekday-SDon-045500_X1011_318,2581.0,X11,450402.0,12:20:00,20160127,60.796933423,22.0
0,CA_A6-Weekday-SDon-045500_X1011_318,2581.0,X11,450402.0,12:25:00,20160127,268.059206456,22.0
1,CA_A6-Weekday-SDon-043500_X1011_315,2645.0,X11,450402.0,12:25:00,20160127,1047.35903226,21.0
2,MA_A6-Weekday-SDon-044500_X1011_603,2890.0,X11,450402.0,12:25:00,20160127,11.94,24.0
3,MA_A6-Weekday-SDon-042500_X1011_602,2631.0,X11,450402.0,12:25:00,20160127,4480.66875,13.0
4,CA_A6-Weekday-SDon-041000_X1011_309,2648.0,X11,450402.0,12:25:00,20160127,8375.0271875,3.0
5,MA_A6-Weekday-SDon-039500_X1011_601,2897.0,X11,450402.0,12:25:00,20160127,19228.2406061,3.0
0,CA_A6-Weekday-SDon-045500_X1011_318,2581.0,X11,450402.0,12:30:00,20160127,475.321479489,22.0
1,CA_A6-Weekday-SDon-043500_X1011_315,2645.0,X11,450402.0,12:30:00,20160127,3039.38802083,17.0
2,MA_A6-Weekday-SDon-044500_X1011_603,2890.0,X11,450402.0,12:30:00,20160127,1300.84446809,21.0
3,MA_A6-Weekday-SDon-042500_X1011_602,2631.0,X11,450402.0,12:30:00,20160127,6190.37354839,8.0
4,CA_A6-Weekday-SDon-041000_X1011_309,2648.0,X11,450402.0,12:30:00,20160127,10291.4931915,3.0
5,MA_A6-Weekday-SDon-039500_X1011_601,2897.0,X11,450402.0,12:30:00,20160127,22990.9341935,3.0
0,CA_A6-Weekday-SDon-037500_MISC_433,2667.0,X11,400070.0,12:00:00,20160127,20799.4230769,2.0
1,MA_A6-Weekday-SDon-039500_X1011_601,2897.0,X11,400070.0,12:00:00,20160127,7383.53977662,2.0
0,CA_A6-Weekday-SDon-037500_MISC_433,2667.0,X11,400070.0,12:05:00,20160127,24318.5269231,2.0
1,MA_A6-Weekday-SDon-039500_X1011_601,2897.0,X11,400070.0,12:05:00,20160127,8793.4839315,2.0
0,CA_A6-Weekday-SDon-037500_MISC_433,2667.0,X11,400070.0,12:10:00,20160127,27811.49125,2.0
1,CA_A6-Weekday-SDon-041000_X1011_309,2648.0,X11,400070.0,12:10:00,20160127,4214.61142857,13.0
2,MA_A6-Weekday-SDon-039500_X1011_601,2897.0,X11,400070.0,12:10:00,20160127,10555.0869474,2.0
0,MA_A6-Weekday-SDon-042500_X1011_602,2631.0,X11,400070.0,12:15:00,20160127,1216.28232558,18.0
1,CA_A6-Weekday-SDon-037500_MISC_433,2667.0,X11,400070.0,12:15:00,20160127,29213.2933846,0.0
2,CA_A6-Weekday-SDon-041000_X1011_309,2648.0,X11,400070.0,12:15:00,20160127,5785.6659375,8.0
3,MA_A6-Weekday-SDon-039500_X1011_601,2897.0,X11,400070.0,12:15:00,20160127,12288.1783871,2.0
0,MA_A6-Weekday-SDon-042500_X1011_602,2631.0,X11,400070.0,12:20:00,20160127,3243.37625,15.0
1,CA_A6-Weekday-SDon-041000_X1011_309,2648.0,X11,400070.0,12:20:00,20160127,7162.983125,5.0
2,MA_A6-Weekday-SDon-039500_X1011_601,2897.0,X11,400070.0,12:20:00,20160127,13996.0895833,2.0
3,CA_A6-Weekday-SDon-045500_X1011_318,2581.0,X11,400070.0,12:20:00,20160127,60.796933423,21.0
0,CA_A6-Weekday-SDon-045500_X1011_318,2581.0,X11,400070.0,12:25:00,20160127,268.059206456,21.0
1,CA_A6-Weekday-SDon-043500_X1011_315,2645.0,X11,400070.0,12:25:00,20160127,1047.35903226,20.0
2,MA_A6-Weekday-SDon-044500_X1011_603,2890.0,X11,400070.0,12:25:00,20160127,11.94,23.0
3,MA_A6-Weekday-SDon-042500_X1011_602,2631.0,X11,400070.0,12:25:00,20160127,4480.66875,12.0
4,CA_A6-Weekday-SDon-041000_X1011_309,2648.0,X11,400070.0,12:25:00,20160127,8375.0271875,2.0
5,MA_A6-Weekday-SDon-039500_X1011_601,2897.0,X11,400070.0,12:25:00,20160127,19228.2406061,2.0
0,CA_A6-Weekday-SDon-045500_X1011_318,2581.0,X11,400070.0,12:30:00,20160127,475.321479489,21.0
1,CA_A6-Weekday-SDon-043500_X1011_315,2645.0,X11,400070.0,12:30:00,20160127,3039.38802083,16.0
2,MA_A6-Weekday-SDon-044500_X1011_603,2890.0,X11,400070.0,12:30:00,20160127,1300.84446809,20.0
3,MA_A6-Weekday-SDon-042500_X1011_602,2631.0,X11,400070.0,12:30:00,20160127,6190.37354839,7.0
4,CA_A6-Weekday-SDon-041000_X1011_309,2648.0,X11,400070.0,12:30:00,20160127,10291.4931915,2.0
5,MA_A6-Weekday-SDon-039500_X1011_601,2897.0,X11,400070.0,12:30:00,20160127,22990.9341935,2.0
0,CA_A6-Weekday-SDon-041000_X1011_309,2648.0,X11,201950.0,12:10:00,20160127,4214.61142857,1.0
0,MA_A6-Weekday-SDon-042500_X1011_602,2631.0,X11,201950.0,12:15:00,20160127,1216.28232558,6.0
0,MA_A6-Weekday-SDon-042500_X1011_602,2631.0,X11,201950.0,12:20:00,20160127,3243.37625,3.0
1,CA_A6-Weekday-SDon-045500_X1011_318,2581.0,X11,201950.0,12:20:00,20160127,60.796933423,9.0
0,CA_A6-Weekday-SDon-045500_X1011_318,2581.0,X11,201950.0,12:25:00,20160127,268.059206456,9.0
1,CA_A6-Weekday-SDon-043500_X1011_315,2645.0,X11,201950.0,12:25:00,20160127,1047.35903226,8.0
2,MA_A6-Weekday-SDon-044500_X1011_603,2890.0,X11,201950.0,12:25:00,20160127,11.94,11.0
3,MA_A6-Weekday-SDon-042500_X1011_602,2631.0,X11,201950.0,12:25:00,20160127,4480.66875,0.0
0,CA_A6-Weekday-SDon-045500_X1011_318,2581.0,X11,201950.0,12:30:00,20160127,475.321479489,9.0
1,CA_A6-Weekday-SDon-043500_X1011_315,2645.0,X11,201950.0,12:30:00,20160127,3039.38802083,4.0
2,MA_A6-Weekday-SDon-044500_X1011_603,2890.0,X11,201950.0,12:30:00,20160127,1300.84446809,8.0
0,CA_A6-Weekday-SDon-045500_X1011_318,2581.0,X11,202669.0,12:20:00,20160127,60.796933423,2.0
0,CA_A6-Weekday-SDon-045500_X1011_318,2581.0,X11,202669.0,12:25:00,20160127,268.059206456,2.0
1,CA_A6-Weekday-SDon-043500_X1011_315,2645.0,X11,202669.0,12:25:00,20160127,1047.35903226,1.0
2,MA_A6-Weekday-SDon-044500_X1011_603,2890.0,X11,202669.0,12:25:00,20160127,11.94,4.0
0,CA_A6-Weekday-SDon-045500_X1011_318,2581.0,X11,202669.0,12:30:00,20160127,475.321479489,2.0
1,MA_A6-Weekday-SDon-044500_X1011_603,2890.0,X11,202669.0,12:30:00,20160127,1300.84446809,1.0
0,CA_A6-Weekday-SDon-036300_X14_304,2661.0,X14,402144.0,12:00:00,20160127,24206.7245045,2.0
1,CA_A6-Weekday-SDon-037800_X14_305,2224.0,X14,402144.0,12:00:00,20160127,13415.8735047,11.0
2,CA_A6-Weekday-SDon-039000_X14_306,2669.0,X14,402144.0,12:00:00,20160127,8313.68827068,11.0
3,CA_A6-Weekday-SDon-040000_X14_307,2193.0,X14,402144.0,12:00:00,20160127,5015.00989105,25.0
0,CA_A6-Weekday-SDon-036300_X14_304,2661.0,X14,402144.0,12:05:00,20160127,27444.8866667,2.0
1,CA_A6-Weekday-SDon-037800_X14_305,2224.0,X14,402144.0,12:05:00,20160127,15809.5978037,11.0
2,CA_A6-Weekday-SDon-039000_X14_306,2669.0,X14,402144.0,12:05:00,20160127,9462.1243609,11.0
3,CA_A6-Weekday-SDon-040000_X14_307,2193.0,X14,402144.0,12:05:00,20160127,6264.76319844,25.0
0,CA_A6-Weekday-SDon-041000_X14_308,2666.0,X14,402144.0,12:10:00,20160127,5226.45536082,31.0
1,CA_A6-Weekday-SDon-036300_X14_304,2661.0,X14,402144.0,12:10:00,20160127,30648.8038947,2.0
2,CA_A6-Weekday-SDon-042000_X14_309,2196.0,X14,402144.0,12:10:00,20160127,3107.27691489,37.0
3,CA_A6-Weekday-SDon-037800_X14_305,2224.0,X14,402144.0,12:10:00,20160127,18358.5916842,11.0
4,CA_A6-Weekday-SDon-039000_X14_306,2669.0,X14,402144.0,12:10:00,20160127,10564.5925532,11.0
5,CA_A6-Weekday-SDon-040000_X14_307,2193.0,X14,402144.0,12:10:00,20160127,7393.14731959,25.0
0,CA_A6-Weekday-SDon-041000_X14_308,2666.0,X14,402144.0,12:15:00,20160127,6189.645,28.0
1,CA_A6-Weekday-SDon-036300_X14_304,2661.0,X14,402144.0,12:15:00,20160127,33137.9606452,2.0
2,CA_A6-Weekday-SDon-042000_X14_309,2196.0,X14,402144.0,12:15:00,20160127,4509.194375,33.0
3,CA_A6-Weekday-SDon-037800_X14_305,2224.0,X14,402144.0,12:15:00,20160127,22831.0381818,11.0
4,CA_A6-Weekday-SDon-039000_X14_306,2669.0,X14,402144.0,12:15:00,20160127,13872.9392063,11.0
5,MA_A6-Weekday-SDon-043000_MISC_651,2703.0,X14,402144.0,12:15:00,20160127,482.431875,46.0
6,CA_A6-Weekday-SDon-040000_X14_307,2193.0,X14,402144.0,12:15:00,20160127,8699.91016129,22.0
0,CA_A6-Weekday-SDon-041000_X14_308,2666.0,X14,402144.0,12:20:00,20160127,7663.213125,24.0
1,CA_A6-Weekday-SDon-042000_X14_309,2196.0,X14,402144.0,12:20:00,20160127,6228.88225806,28.0
2,CA_A6-Weekday-SDon-037800_X14_305,2224.0,X14,402144.0,12:20:00,20160127,26162.3183871,11.0
3,CA_A6-Weekday-SDon-039000_X14_306,2669.0,X14,402144.0,12:20:00,20160127,17274.2815789,11.0
4,MA_A6-Weekday-SDon-043000_MISC_651,2703.0,X14,402144.0,12:20:00,20160127,1706.9530303,41.0
5,CA_A6-Weekday-SDon-040000_X14_307,2193.0,X14,402144.0,12:20:00,20160127,9726.58848485,20.0
0,CA_A6-Weekday-SDon-041000_X14_308,2666.0,X14,402144.0,12:25:00,20160127,9206.28,22.0
1,CA_A6-Weekday-SDon-042000_X14_309,2196.0,X14,402144.0,12:25:00,20160127,7073.75,25.0
2,CA_A6-Weekday-SDon-037800_X14_305,2224.0,X14,402144.0,12:25:00,20160127,26815.681875,9.0
3,CA_A6-Weekday-SDon-044000_X14_310,2585.0,X14,402144.0,12:25:00,20160127,458.333125,46.0
4,CA_A6-Weekday-SDon-039000_X14_306,2669.0,X14,402144.0,12:25:00,20160127,21488.05625,11.0
5,MA_A6-Weekday-SDon-043000_MISC_651,2703.0,X14,402144.0,12:25:00,20160127,3354.45,37.0
6,CA_A6-Weekday-SDon-040000_X14_307,2193.0,X14,402144.0,12:25:00,20160127,10012.0783871,20.0
0,CA_A6-Weekday-SDon-041000_X14_308,2666.0,X14,402144.0,12:30:00,20160127,9822.61290323,20.0
1,CA_A6-Weekday-SDon-042000_X14_309,2196.0,X14,402144.0,12:30:00,20160127,8008.4783871,24.0
2,CA_A6-Weekday-SDon-037800_X14_305,2224.0,X14,402144.0,12:30:00,20160127,27797.6246875,5.0
3,CA_A6-Weekday-SDon-044000_X14_310,2585.0,X14,402144.0,12:30:00,20160127,1748.84083333,41.0
4,CA_A6-Weekday-SDon-039000_X14_306,2669.0,X14,402144.0,12:30:00,20160127,25840.47,11.0
5,MA_A6-Weekday-SDon-043000_MISC_651,2703.0,X14,402144.0,12:30:00,20160127,3685.506,35.0
6,CA_A6-Weekday-SDon-040000_X14_307,2193.0,X14,402144.0,12:30:00,20160127,10535.7338298,11.0
0,CA_A6-Weekday-SDon-036300_X14_304,2661.0,X14,402145.0,12:00:00,20160127,24206.7245045,3.0
1,CA_A6-Weekday-SDon-037800_X14_305,2224.0,X14,402145.0,12:00:00,20160127,13415.8735047,12.0
2,CA_A6-Weekday-SDon-039000_X14_306,2669.0,X14,402145.0,12:00:00,20160127,8313.68827068,12.0
3,CA_A6-Weekday-SDon-040000_X14_307,2193.0,X14,402145.0,12:00:00,20160127,5015.00989105,26.0
0,CA_A6-Weekday-SDon-036300_X14_304,2661.0,X14,402145.0,12:05:00,20160127,27444.8866667,3.0
1,CA_A6-Weekday-SDon-037800_X14_305,2224.0,X14,402145.0,12:05:00,20160127,15809.5978037,12.0
2,CA_A6-Weekday-SDon-039000_X14_306,2669.0,X14,402145.0,12:05:00,20160127,9462.1243609,12.0
3,CA_A6-Weekday-SDon-040000_X14_307,2193.0,X14,402145.0,12:05:00,20160127,6264.76319844,26.0
0,CA_A6-Weekday-SDon-041000_X14_308,2666.0,X14,402145.0,12:10:00,20160127,5226.45536082,32.0
1,CA_A6-Weekday-SDon-036300_X14_304,2661.0,X14,402145.0,12:10:00,20160127,30648.8038947,3.0
2,CA_A6-Weekday-SDon-042000_X14_309,2196.0,X14,402145.0,12:10:00,20160127,3107.27691489,38.0
3,CA_A6-Weekday-SDon-037800_X14_305,2224.0,X14,402145.0,12:10:00,20160127,18358.5916842,12.0
4,CA_A6-Weekday-SDon-039000_X14_306,2669.0,X14,402145.0,12:10:00,20160127,10564.5925532,12.0
5,CA_A6-Weekday-SDon-040000_X14_307,2193.0,X14,402145.0,12:10:00,20160127,7393.14731959,26.0
0,CA_A6-Weekday-SDon-041000_X14_308,2666.0,X14,402145.0,12:15:00,20160127,6189.645,29.0
1,CA_A6-Weekday-SDon-036300_X14_304,2661.0,X14,402145.0,12:15:00,20160127,33137.9606452,3.0
2,CA_A6-Weekday-SDon-042000_X14_309,2196.0,X14,402145.0,12:15:00,20160127,4509.194375,34.0
3,CA_A6-Weekday-SDon-037800_X14_305,2224.0,X14,402145.0,12:15:00,20160127,22831.0381818,12.0
4,CA_A6-Weekday-SDon-039000_X14_306,2669.0,X14,402145.0,12:15:00,20160127,13872.9392063,12.0
5,MA_A6-Weekday-SDon-043000_MISC_651,2703.0,X14,402145.0,12:15:00,20160127,482.431875,47.0
6,CA_A6-Weekday-SDon-040000_X14_307,2193.0,X14,402145.0,12:15:00,20160127,8699.91016129,23.0
0,CA_A6-Weekday-SDon-041000_X14_308,2666.0,X14,402145.0,12:20:00,20160127,7663.213125,25.0
1,CA_A6-Weekday-SDon-042000_X14_309,2196.0,X14,402145.0,12:20:00,20160127,6228.88225806,29.0
2,CA_A6-Weekday-SDon-037800_X14_305,2224.0,X14,402145.0,12:20:00,20160127,26162.3183871,12.0
3,CA_A6-Weekday-SDon-039000_X14_306,2669.0,X14,402145.0,12:20:00,20160127,17274.2815789,12.0
4,MA_A6-Weekday-SDon-043000_MISC_651,2703.0,X14,402145.0,12:20:00,20160127,1706.9530303,42.0
5,CA_A6-Weekday-SDon-040000_X14_307,2193.0,X14,402145.0,12:20:00,20160127,9726.58848485,21.0
0,CA_A6-Weekday-SDon-041000_X14_308,2666.0,X14,402145.0,12:25:00,20160127,9206.28,23.0
1,CA_A6-Weekday-SDon-042000_X14_309,2196.0,X14,402145.0,12:25:00,20160127,7073.75,26.0
2,CA_A6-Weekday-SDon-037800_X14_305,2224.0,X14,402145.0,12:25:00,20160127,26815.681875,10.0
3,CA_A6-Weekday-SDon-044000_X14_310,2585.0,X14,402145.0,12:25:00,20160127,458.333125,47.0
4,CA_A6-Weekday-SDon-039000_X14_306,2669.0,X14,402145.0,12:25:00,20160127,21488.05625,12.0
5,MA_A6-Weekday-SDon-043000_MISC_651,2703.0,X14,402145.0,12:25:00,20160127,3354.45,38.0
6,CA_A6-Weekday-SDon-040000_X14_307,2193.0,X14,402145.0,12:25:00,20160127,10012.0783871,21.0
0,CA_A6-Weekday-SDon-041000_X14_308,2666.0,X14,402145.0,12:30:00,20160127,9822.61290323,21.0
1,CA_A6-Weekday-SDon-042000_X14_309,2196.0,X14,402145.0,12:30:00,20160127,8008.4783871,25.0
2,CA_A6-Weekday-SDon-037800_X14_305,2224.0,X14,402145.0,12:30:00,20160127,27797.6246875,6.0
3,CA_A6-Weekday-SDon-044000_X14_310,2585.0,X14,402145.0,12:30:00,20160127,1748.84083333,42.0
4,CA_A6-Weekday-SDon-039000_X14_306,2669.0,X14,402145.0,12:30:00,20160127,25840.47,12.0
5,MA_A6-Weekday-SDon-043000_MISC_651,2703.0,X14,402145.0,12:30:00,20160127,3685.506,36.0
6,CA_A6-Weekday-SDon-040000_X14_307,2193.0,X14,402145.0,12:30:00,20160127,10535.7338298,12.0
0,CA_A6-Weekday-SDon-040000_X14_307,2193.0,X14,805037.0,12:00:00,20160127,5015.00989105,11.0
0,CA_A6-Weekday-SDon-040000_X14_307,2193.0,X14,805037.0,12:05:00,20160127,6264.76319844,11.0
0,CA_A6-Weekday-SDon-041000_X14_308,2666.0,X14,805037.0,12:10:00,20160127,5226.45536082,17.0
1,CA_A6-Weekday-SDon-042000_X14_309,2196.0,X14,805037.0,12:10:00,20160127,3107.27691489,23.0
2,CA_A6-Weekday-SDon-040000_X14_307,2193.0,X14,805037.0,12:10:00,20160127,7393.14731959,11.0
0,CA_A6-Weekday-SDon-041000_X14_308,2666.0,X14,805037.0,12:15:00,20160127,6189.645,14.0
1,CA_A6-Weekday-SDon-042000_X14_309,2196.0,X14,805037.0,12:15:00,20160127,4509.194375,19.0
2,MA_A6-Weekday-SDon-043000_MISC_651,2703.0,X14,805037.0,12:15:00,20160127,482.431875,32.0
3,CA_A6-Weekday-SDon-040000_X14_307,2193.0,X14,805037.0,12:15:00,20160127,8699.91016129,8.0
0,CA_A6-Weekday-SDon-041000_X14_308,2666.0,X14,805037.0,12:20:00,20160127,7663.213125,10.0
1,CA_A6-Weekday-SDon-042000_X14_309,2196.0,X14,805037.0,12:20:00,20160127,6228.88225806,14.0
2,MA_A6-Weekday-SDon-043000_MISC_651,2703.0,X14,805037.0,12:20:00,20160127,1706.9530303,27.0
3,CA_A6-Weekday-SDon-040000_X14_307,2193.0,X14,805037.0,12:20:00,20160127,9726.58848485,6.0
0,CA_A6-Weekday-SDon-041000_X14_308,2666.0,X14,805037.0,12:25:00,20160127,9206.28,8.0
1,CA_A6-Weekday-SDon-042000_X14_309,2196.0,X14,805037.0,12:25:00,20160127,7073.75,11.0
2,CA_A6-Weekday-SDon-044000_X14_310,2585.0,X14,805037.0,12:25:00,20160127,458.333125,32.0
3,MA_A6-Weekday-SDon-043000_MISC_651,2703.0,X14,805037.0,12:25:00,20160127,3354.45,23.0
4,CA_A6-Weekday-SDon-040000_X14_307,2193.0,X14,805037.0,12:25:00,20160127,10012.0783871,6.0
0,CA_A6-Weekday-SDon-041000_X14_308,2666.0,X14,805037.0,12:30:00,20160127,9822.61290323,6.0
1,CA_A6-Weekday-SDon-042000_X14_309,2196.0,X14,805037.0,12:30:00,20160127,8008.4783871,10.0
2,CA_A6-Weekday-SDon-044000_X14_310,2585.0,X14,805037.0,12:30:00,20160127,1748.84083333,27.0
3,MA_A6-Weekday-SDon-043000_MISC_651,2703.0,X14,805037.0,12:30:00,20160127,3685.506,21.0
0,CA_A6-Weekday-SDon-040000_X14_307,2193.0,X14,805039.0,12:00:00,20160127,5015.00989105,12.0
0,CA_A6-Weekday-SDon-040000_X14_307,2193.0,X14,805039.0,12:05:00,20160127,6264.76319844,12.0
0,CA_A6-Weekday-SDon-041000_X14_308,2666.0,X14,805039.0,12:10:00,20160127,5226.45536082,18.0
1,CA_A6-Weekday-SDon-042000_X14_309,2196.0,X14,805039.0,12:10:00,20160127,3107.27691489,24.0
2,CA_A6-Weekday-SDon-040000_X14_307,2193.0,X14,805039.0,12:10:00,20160127,7393.14731959,12.0
0,CA_A6-Weekday-SDon-041000_X14_308,2666.0,X14,805039.0,12:15:00,20160127,6189.645,15.0
1,CA_A6-Weekday-SDon-042000_X14_309,2196.0,X14,805039.0,12:15:00,20160127,4509.194375,20.0
2,MA_A6-Weekday-SDon-043000_MISC_651,2703.0,X14,805039.0,12:15:00,20160127,482.431875,33.0
3,CA_A6-Weekday-SDon-040000_X14_307,2193.0,X14,805039.0,12:15:00,20160127,8699.91016129,9.0
0,CA_A6-Weekday-SDon-041000_X14_308,2666.0,X14,805039.0,12:20:00,20160127,7663.213125,11.0
1,CA_A6-Weekday-SDon-042000_X14_309,2196.0,X14,805039.0,12:20:00,20160127,6228.88225806,15.0
2,MA_A6-Weekday-SDon-043000_MISC_651,2703.0,X14,805039.0,12:20:00,20160127,1706.9530303,28.0
3,CA_A6-Weekday-SDon-040000_X14_307,2193.0,X14,805039.0,12:20:00,20160127,9726.58848485,7.0
0,CA_A6-Weekday-SDon-041000_X14_308,2666.0,X14,805039.0,12:25:00,20160127,9206.28,9.0
1,CA_A6-Weekday-SDon-042000_X14_309,2196.0,X14,805039.0,12:25:00,20160127,7073.75,12.0
2,CA_A6-Weekday-SDon-044000_X14_310,2585.0,X14,805039.0,12:25:00,20160127,458.333125,33.0
3,MA_A6-Weekday-SDon-043000_MISC_651,2703.0,X14,805039.0,12:25:00,20160127,3354.45,24.0
4,CA_A6-Weekday-SDon-040000_X14_307,2193.0,X14,805039.0,12:25:00,20160127,10012.0783871,7.0
0,CA_A6-Weekday-SDon-041000_X14_308,2666.0,X14,805039.0,12:30:00,20160127,9822.61290323,7.0
1,CA_A6-Weekday-SDon-042000_X14_309,2196.0,X14,805039.0,12:30:00,20160127,8008.4783871,11.0
2,CA_A6-Weekday-SDon-044000_X14_310,2585.0,X14,805039.0,12:30:00,20160127,1748.84083333,28.0
3,MA_A6-Weekday-SDon-043000_MISC_651,2703.0,X14,805039.0,12:30:00,20160127,3685.506,22.0
0,MA_A6-Weekday-SDon-042500_X1011_602,2856.0,X11,201944.0,12:00:00,20160128,12.8801574803,7.0
1,CA_A6-Weekday-SDon-041000_X1011_309,2225.0,X11,201944.0,12:00:00,20160128,993.487765957,4.0
0,MA_A6-Weekday-SDon-042500_X1011_602,2856.0,X11,201944.0,12:05:00,20160128,23.88,7.0
0,MA_A6-Weekday-SDon-042500_X1011_602,2856.0,X11,201944.0,12:10:00,20160128,1097.41612903,4.0
0,MA_A6-Weekday-SDon-042500_X1011_602,2856.0,X11,201944.0,12:15:00,20160128,2920.79333333,1.0
0,CA_A6-Weekday-SDon-043500_X1011_315,2657.0,X11,201944.0,12:20:00,20160128,341.168842105,6.0
0,CA_A6-Weekday-SDon-043500_X1011_315,2657.0,X11,201944.0,12:25:00,20160128,1433.10617021,4.0
0,MA_A6-Weekday-SDon-046500_X1242_602,2890.0,X11,201944.0,12:30:00,20160128,70.5068085106,7.0
1,MA_A6-Weekday-SDon-044500_X1011_603,2634.0,X11,201944.0,12:30:00,20160128,1190.14052632,4.0
0,MA_A6-Weekday-SDon-042500_X1011_602,2856.0,X11,203609.0,12:00:00,20160128,12.8801574803,15.0
1,CA_A6-Weekday-SDon-041000_X1011_309,2225.0,X11,203609.0,12:00:00,20160128,993.487765957,12.0
0,MA_A6-Weekday-SDon-042500_X1011_602,2856.0,X11,203609.0,12:05:00,20160128,23.88,15.0
1,CA_A6-Weekday-SDon-041000_X1011_309,2225.0,X11,203609.0,12:05:00,20160128,3043.51712,7.0
0,MA_A6-Weekday-SDon-042500_X1011_602,2856.0,X11,203609.0,12:10:00,20160128,1097.41612903,12.0
1,CA_A6-Weekday-SDon-041000_X1011_309,2225.0,X11,203609.0,12:10:00,20160128,4326.305625,5.0
0,MA_A6-Weekday-SDon-042500_X1011_602,2856.0,X11,203609.0,12:15:00,20160128,2920.79333333,9.0
1,CA_A6-Weekday-SDon-041000_X1011_309,2225.0,X11,203609.0,12:15:00,20160128,5713.28758065,1.0
0,CA_A6-Weekday-SDon-043500_X1011_315,2657.0,X11,203609.0,12:20:00,20160128,341.168842105,14.0
1,MA_A6-Weekday-SDon-042500_X1011_602,2856.0,X11,203609.0,12:20:00,20160128,3837.59,6.0
0,CA_A6-Weekday-SDon-043500_X1011_315,2657.0,X11,203609.0,12:25:00,20160128,1433.10617021,12.0
1,MA_A6-Weekday-SDon-042500_X1011_602,2856.0,X11,203609.0,12:25:00,20160128,4584.276,3.0
0,CA_A6-Weekday-SDon-043500_X1011_315,2657.0,X11,203609.0,12:30:00,20160128,3021.37770833,7.0
1,MA_A6-Weekday-SDon-046500_X1242_602,2890.0,X11,203609.0,12:30:00,20160128,70.5068085106,15.0
2,MA_A6-Weekday-SDon-044500_X1011_603,2634.0,X11,203609.0,12:30:00,20160128,1190.14052632,12.0
3,MA_A6-Weekday-SDon-042500_X1011_602,2856.0,X11,203609.0,12:30:00,20160128,5954.69702128,0.0
0,MA_A6-Weekday-SDon-042500_X1011_602,2856.0,X11,201947.0,12:00:00,20160128,12.8801574803,9.0
1,CA_A6-Weekday-SDon-041000_X1011_309,2225.0,X11,201947.0,12:00:00,20160128,993.487765957,6.0
0,MA_A6-Weekday-SDon-042500_X1011_602,2856.0,X11,201947.0,12:05:00,20160128,23.88,9.0
1,CA_A6-Weekday-SDon-041000_X1011_309,2225.0,X11,201947.0,12:05:00,20160128,3043.51712,1.0
0,MA_A6-Weekday-SDon-042500_X1011_602,2856.0,X11,201947.0,12:10:00,20160128,1097.41612903,6.0
0,MA_A6-Weekday-SDon-042500_X1011_602,2856.0,X11,201947.0,12:15:00,20160128,2920.79333333,3.0
0,CA_A6-Weekday-SDon-043500_X1011_315,2657.0,X11,201947.0,12:20:00,20160128,341.168842105,8.0
1,MA_A6-Weekday-SDon-042500_X1011_602,2856.0,X11,201947.0,12:20:00,20160128,3837.59,0.0
0,CA_A6-Weekday-SDon-043500_X1011_315,2657.0,X11,201947.0,12:25:00,20160128,1433.10617021,6.0
0,CA_A6-Weekday-SDon-043500_X1011_315,2657.0,X11,201947.0,12:30:00,20160128,3021.37770833,1.0
1,MA_A6-Weekday-SDon-046500_X1242_602,2890.0,X11,201947.0,12:30:00,20160128,70.5068085106,9.0
2,MA_A6-Weekday-SDon-044500_X1011_603,2634.0,X11,201947.0,12:30:00,20160128,1190.14052632,6.0
0,MA_A6-Weekday-SDon-042500_X1011_602,2856.0,X11,201934.0,12:00:00,20160128,12.8801574803,2.0
0,MA_A6-Weekday-SDon-042500_X1011_602,2856.0,X11,201934.0,12:05:00,20160128,23.88,2.0
0,CA_A6-Weekday-SDon-043500_X1011_315,2657.0,X11,201934.0,12:20:00,20160128,341.168842105,1.0
0,MA_A6-Weekday-SDon-046500_X1242_602,2890.0,X11,201934.0,12:30:00,20160128,70.5068085106,2.0
0,CA_A6-Weekday-SDon-039000_X14_306,2220.0,X14,402144.0,12:00:00,20160128,8437.90178295,22.0
1,CA_A6-Weekday-SDon-041000_X14_308,2224.0,X14,402144.0,12:00:00,20160128,2617.0609375,37.0
2,CA_A6-Weekday-SDon-034800_X14_303,2653.0,X14,402144.0,12:00:00,20160128,28225.954252,2.0
3,CA_A6-Weekday-SDon-036300_X14_304,2662.0,X14,402144.0,12:00:00,20160128,24245.0907937,11.0
4,CA_A6-Weekday-SDon-037800_X14_305,2214.0,X14,402144.0,12:00:00,20160128,12475.2206504,11.0
0,CA_A6-Weekday-SDon-039000_X14_306,2220.0,X14,402144.0,12:05:00,20160128,9839.82,20.0
1,CA_A6-Weekday-SDon-041000_X14_308,2224.0,X14,402144.0,12:05:00,20160128,4309.27568421,33.0
2,CA_A6-Weekday-SDon-034800_X14_303,2653.0,X14,402144.0,12:05:00,20160128,32450.663937,2.0
3,CA_A6-Weekday-SDon-036300_X14_304,2662.0,X14,402144.0,12:05:00,20160128,26410.2846875,10.0
4,CA_A6-Weekday-SDon-037800_X14_305,2214.0,X14,402144.0,12:05:00,20160128,11356.4108511,11.0
0,CA_A6-Weekday-SDon-041000_X14_308,2224.0,X14,402144.0,12:10:00,20160128,5667.39935484,30.0
1,CA_A6-Weekday-SDon-036300_X14_304,2662.0,X14,402144.0,12:10:00,20160128,27399.5734921,7.0
2,CA_A6-Weekday-SDon-042000_X14_309,2645.0,X14,402144.0,12:10:00,20160128,506.085,46.0
3,CA_A6-Weekday-SDon-037800_X14_305,2214.0,X14,402144.0,12:10:00,20160128,15103.6572581,11.0
4,CA_A6-Weekday-SDon-039000_X14_306,2220.0,X14,402144.0,12:10:00,20160128,10904.618125,11.0
0,CA_A6-Weekday-SDon-041000_X14_308,2224.0,X14,402144.0,12:15:00,20160128,6852.37182796,26.0
1,CA_A6-Weekday-SDon-036300_X14_304,2662.0,X14,402144.0,12:15:00,20160128,29744.4607937,2.0
2,CA_A6-Weekday-SDon-042000_X14_309,2645.0,X14,402144.0,12:15:00,20160128,1938.38666667,40.0
3,CA_A6-Weekday-SDon-037800_X14_305,2214.0,X14,402144.0,12:15:00,20160128,16997.090625,11.0
4,CA_A6-Weekday-SDon-039000_X14_306,2220.0,X14,402144.0,12:15:00,20160128,14515.9469231,11.0
5,MA_A6-Weekday-SDon-043000_MISC_651,2866.0,X14,402144.0,12:15:00,20160128,1000.915625,44.0
0,CA_A6-Weekday-SDon-041000_X14_308,2224.0,X14,402144.0,12:20:00,20160128,7212.84765957,25.0
1,CA_A6-Weekday-SDon-036300_X14_304,2662.0,X14,402144.0,12:20:00,20160128,32852.0291579,2.0
2,CA_A6-Weekday-SDon-042000_X14_309,2645.0,X14,402144.0,12:20:00,20160128,3456.6859375,36.0
3,CA_A6-Weekday-SDon-037800_X14_305,2214.0,X14,402144.0,12:20:00,20160128,20498.4954687,11.0
4,CA_A6-Weekday-SDon-039000_X14_306,2220.0,X14,402144.0,12:20:00,20160128,16547.6183333,11.0
5,MA_A6-Weekday-SDon-043000_MISC_651,2866.0,X14,402144.0,12:20:00,20160128,1910.42301587,41.0
0,CA_A6-Weekday-SDon-041000_X14_308,2224.0,X14,402144.0,12:25:00,20160128,8137.09172043,22.0
1,CA_A6-Weekday-SDon-042000_X14_309,2645.0,X14,402144.0,12:25:00,20160128,4935.96354167,32.0
2,CA_A6-Weekday-SDon-037800_X14_305,2214.0,X14,402144.0,12:25:00,20160128,25242.651129,11.0
3,CA_A6-Weekday-SDon-039000_X14_306,2220.0,X14,402144.0,12:25:00,20160128,18809.050625,11.0
4,MA_A6-Weekday-SDon-043000_MISC_651,2866.0,X14,402144.0,12:25:00,20160128,3283.93333333,36.0
0,CA_A6-Weekday-SDon-041000_X14_308,2224.0,X14,402144.0,12:30:00,20160128,9351.79297872,22.0
1,CA_A6-Weekday-SDon-042000_X14_309,2645.0,X14,402144.0,12:30:00,20160128,5796.58114583,29.0
2,CA_A6-Weekday-SDon-037800_X14_305,2214.0,X14,402144.0,12:30:00,20160128,26629.1450476,9.0
3,CA_A6-Weekday-SDon-044000_X14_310,2659.0,X14,402144.0,12:30:00,20160128,1341.55105263,42.0
4,CA_A6-Weekday-SDon-039000_X14_306,2220.0,X14,402144.0,12:30:00,20160128,23481.771134,11.0
5,MA_A6-Weekday-SDon-043000_MISC_651,2866.0,X14,402144.0,12:30:00,20160128,4498.62905263,32.0
0,CA_A6-Weekday-SDon-041000_X14_308,2224.0,X14,203617.0,12:00:00,20160128,2617.0609375,5.0
0,CA_A6-Weekday-SDon-041000_X14_308,2224.0,X14,203617.0,12:05:00,20160128,4309.27568421,1.0
0,CA_A6-Weekday-SDon-042000_X14_309,2645.0,X14,203617.0,12:10:00,20160128,506.085,14.0
0,CA_A6-Weekday-SDon-042000_X14_309,2645.0,X14,203617.0,12:15:00,20160128,1938.38666667,8.0
1,MA_A6-Weekday-SDon-043000_MISC_651,2866.0,X14,203617.0,12:15:00,20160128,1000.915625,12.0
0,CA_A6-Weekday-SDon-042000_X14_309,2645.0,X14,203617.0,12:20:00,20160128,3456.6859375,4.0
1,MA_A6-Weekday-SDon-043000_MISC_651,2866.0,X14,203617.0,12:20:00,20160128,1910.42301587,9.0
0,CA_A6-Weekday-SDon-042000_X14_309,2645.0,X14,203617.0,12:25:00,20160128,4935.96354167,0.0
1,MA_A6-Weekday-SDon-043000_MISC_651,2866.0,X14,203617.0,12:25:00,20160128,3283.93333333,4.0
0,CA_A6-Weekday-SDon-044000_X14_310,2659.0,X14,203617.0,12:30:00,20160128,1341.55105263,10.0
1,MA_A6-Weekday-SDon-043000_MISC_651,2866.0,X14,203617.0,12:30:00,20160128,4498.62905263,0.0
0,CA_A6-Weekday-SDon-039000_X14_306,2220.0,X14,404299.0,12:00:00,20160128,8437.90178295,28.0
1,CA_A6-Weekday-SDon-041000_X14_308,2224.0,X14,404299.0,12:00:00,20160128,2617.0609375,43.0
2,CA_A6-Weekday-SDon-034800_X14_303,2653.0,X14,404299.0,12:00:00,20160128,28225.954252,8.0
3,CA_A6-Weekday-SDon-036300_X14_304,2662.0,X14,404299.0,12:00:00,20160128,24245.0907937,17.0
4,CA_A6-Weekday-SDon-037800_X14_305,2214.0,X14,404299.0,12:00:00,20160128,12475.2206504,17.0
0,CA_A6-Weekday-SDon-039000_X14_306,2220.0,X14,404299.0,12:05:00,20160128,9839.82,26.0
1,CA_A6-Weekday-SDon-041000_X14_308,2224.0,X14,404299.0,12:05:00,20160128,4309.27568421,39.0
2,CA_A6-Weekday-SDon-034800_X14_303,2653.0,X14,404299.0,12:05:00,20160128,32450.663937,8.0
3,CA_A6-Weekday-SDon-036300_X14_304,2662.0,X14,404299.0,12:05:00,20160128,26410.2846875,16.0
4,CA_A6-Weekday-SDon-037800_X14_305,2214.0,X14,404299.0,12:05:00,20160128,11356.4108511,17.0
0,CA_A6-Weekday-SDon-041000_X14_308,2224.0,X14,404299.0,12:10:00,20160128,5667.39935484,36.0
1,CA_A6-Weekday-SDon-036300_X14_304,2662.0,X14,404299.0,12:10:00,20160128,27399.5734921,13.0
2,CA_A6-Weekday-SDon-042000_X14_309,2645.0,X14,404299.0,12:10:00,20160128,506.085,52.0
3,CA_A6-Weekday-SDon-037800_X14_305,2214.0,X14,404299.0,12:10:00,20160128,15103.6572581,17.0
4,CA_A6-Weekday-SDon-034800_X14_303,2653.0,X14,404299.0,12:10:00,20160128,33758.4177419,5.0
5,CA_A6-Weekday-SDon-039000_X14_306,2220.0,X14,404299.0,12:10:00,20160128,10904.618125,17.0
0,CA_A6-Weekday-SDon-041000_X14_308,2224.0,X14,404299.0,12:15:00,20160128,6852.37182796,32.0
1,CA_A6-Weekday-SDon-036300_X14_304,2662.0,X14,404299.0,12:15:00,20160128,29744.4607937,8.0
2,CA_A6-Weekday-SDon-042000_X14_309,2645.0,X14,404299.0,12:15:00,20160128,1938.38666667,46.0
3,CA_A6-Weekday-SDon-037800_X14_305,2214.0,X14,404299.0,12:15:00,20160128,16997.090625,17.0
4,CA_A6-Weekday-SDon-034800_X14_303,2653.0,X14,404299.0,12:15:00,20160128,35000.2710769,3.0
5,CA_A6-Weekday-SDon-039000_X14_306,2220.0,X14,404299.0,12:15:00,20160128,14515.9469231,17.0
6,MA_A6-Weekday-SDon-043000_MISC_651,2866.0,X14,404299.0,12:15:00,20160128,1000.915625,50.0
0,CA_A6-Weekday-SDon-041000_X14_308,2224.0,X14,404299.0,12:20:00,20160128,7212.84765957,31.0
1,CA_A6-Weekday-SDon-036300_X14_304,2662.0,X14,404299.0,12:20:00,20160128,32852.0291579,8.0
2,CA_A6-Weekday-SDon-042000_X14_309,2645.0,X14,404299.0,12:20:00,20160128,3456.6859375,42.0
3,CA_A6-Weekday-SDon-037800_X14_305,2214.0,X14,404299.0,12:20:00,20160128,20498.4954687,17.0
4,CA_A6-Weekday-SDon-034800_X14_303,2653.0,X14,404299.0,12:20:00,20160128,36402.6458065,0.0
5,CA_A6-Weekday-SDon-039000_X14_306,2220.0,X14,404299.0,12:20:00,20160128,16547.6183333,17.0
6,MA_A6-Weekday-SDon-043000_MISC_651,2866.0,X14,404299.0,12:20:00,20160128,1910.42301587,47.0
0,CA_A6-Weekday-SDon-041000_X14_308,2224.0,X14,404299.0,12:25:00,20160128,8137.09172043,28.0
1,CA_A6-Weekday-SDon-036300_X14_304,2662.0,X14,404299.0,12:25:00,20160128,33770.055,5.0
2,CA_A6-Weekday-SDon-042000_X14_309,2645.0,X14,404299.0,12:25:00,20160128,4935.96354167,38.0
3,CA_A6-Weekday-SDon-037800_X14_305,2214.0,X14,404299.0,12:25:00,20160128,25242.651129,17.0
4,CA_A6-Weekday-SDon-039000_X14_306,2220.0,X14,404299.0,12:25:00,20160128,18809.050625,17.0
5,MA_A6-Weekday-SDon-043000_MISC_651,2866.0,X14,404299.0,12:25:00,20160128,3283.93333333,42.0
0,CA_A6-Weekday-SDon-041000_X14_308,2224.0,X14,404299.0,12:30:00,20160128,9351.79297872,28.0
1,CA_A6-Weekday-SDon-036300_X14_304,2662.0,X14,404299.0,12:30:00,20160128,34464.8539806,3.0
2,CA_A6-Weekday-SDon-042000_X14_309,2645.0,X14,404299.0,12:30:00,20160128,5796.58114583,35.0
3,CA_A6-Weekday-SDon-037800_X14_305,2214.0,X14,404299.0,12:30:00,20160128,26629.1450476,15.0
4,CA_A6-Weekday-SDon-044000_X14_310,2659.0,X14,404299.0,12:30:00,20160128,1341.55105263,48.0
5,CA_A6-Weekday-SDon-039000_X14_306,2220.0,X14,404299.0,12:30:00,20160128,23481.771134,17.0
6,MA_A6-Weekday-SDon-043000_MISC_651,2866.0,X14,404299.0,12:30:00,20160128,4498.62905263,38.0
0,CA_A6-Weekday-SDon-039000_X14_306,2220.0,X14,805039.0,12:00:00,20160128,8437.90178295,9.0
1,CA_A6-Weekday-SDon-041000_X14_308,2224.0,X14,805039.0,12:00:00,20160128,2617.0609375,24.0
0,CA_A6-Weekday-SDon-039000_X14_306,2220.0,X14,805039.0,12:05:00,20160128,9839.82,7.0
1,CA_A6-Weekday-SDon-041000_X14_308,2224.0,X14,805039.0,12:05:00,20160128,4309.27568421,20.0
0,CA_A6-Weekday-SDon-041000_X14_308,2224.0,X14,805039.0,12:10:00,20160128,5667.39935484,17.0
1,CA_A6-Weekday-SDon-042000_X14_309,2645.0,X14,805039.0,12:10:00,20160128,506.085,33.0
0,CA_A6-Weekday-SDon-041000_X14_308,2224.0,X14,805039.0,12:15:00,20160128,6852.37182796,13.0
1,CA_A6-Weekday-SDon-042000_X14_309,2645.0,X14,805039.0,12:15:00,20160128,1938.38666667,27.0
2,MA_A6-Weekday-SDon-043000_MISC_651,2866.0,X14,805039.0,12:15:00,20160128,1000.915625,31.0
0,CA_A6-Weekday-SDon-041000_X14_308,2224.0,X14,805039.0,12:20:00,20160128,7212.84765957,12.0
1,CA_A6-Weekday-SDon-042000_X14_309,2645.0,X14,805039.0,12:20:00,20160128,3456.6859375,23.0
2,MA_A6-Weekday-SDon-043000_MISC_651,2866.0,X14,805039.0,12:20:00,20160128,1910.42301587,28.0
0,CA_A6-Weekday-SDon-041000_X14_308,2224.0,X14,805039.0,12:25:00,20160128,8137.09172043,9.0
1,CA_A6-Weekday-SDon-042000_X14_309,2645.0,X14,805039.0,12:25:00,20160128,4935.96354167,19.0
2,MA_A6-Weekday-SDon-043000_MISC_651,2866.0,X14,805039.0,12:25:00,20160128,3283.93333333,23.0
0,CA_A6-Weekday-SDon-041000_X14_308,2224.0,X14,805039.0,12:30:00,20160128,9351.79297872,9.0
1,CA_A6-Weekday-SDon-042000_X14_309,2645.0,X14,805039.0,12:30:00,20160128,5796.58114583,16.0
2,CA_A6-Weekday-SDon-044000_X14_310,2659.0,X14,805039.0,12:30:00,20160128,1341.55105263,29.0
3,MA_A6-Weekday-SDon-043000_MISC_651,2866.0,X14,805039.0,12:30:00,20160128,4498.62905263,19.0
0,CA_A6-Weekday-SDon-041000_X1011_309,2224.0,X11,201947.0,12:00:00,20160129,989.015714286,6.0
0,CA_A6-Weekday-SDon-041000_X1011_309,2224.0,X11,201947.0,12:05:00,20160129,3358.41171875,0.0
0,MA_A6-Weekday-SDon-042500_X1011_602,2845.0,X11,201947.0,12:10:00,20160129,498.434713376,7.0
0,MA_A6-Weekday-SDon-042500_X1011_602,2845.0,X11,201947.0,12:15:00,20160129,2286.36774194,3.0
0,CA_A6-Weekday-SDon-043500_X1011_315,2670.0,X11,201947.0,12:20:00,20160129,1874.0725,4.0
1,MA_A6-Weekday-SDon-044500_X1011_603,2896.0,X11,201947.0,12:20:00,20160129,3.98,9.0
2,MA_A6-Weekday-SDon-042500_X1011_602,2845.0,X11,201947.0,12:20:00,20160129,3917.163125,0.0
0,CA_A6-Weekday-SDon-043500_X1011_315,2670.0,X11,201947.0,12:25:00,20160129,2947.1484375,2.0
1,MA_A6-Weekday-SDon-046500_X1242_602,2705.0,X11,201947.0,12:25:00,20160129,214.455298246,10.0
2,MA_A6-Weekday-SDon-044500_X1011_603,2896.0,X11,201947.0,12:25:00,20160129,0.770322580645,10.0
0,CA_A6-Weekday-SDon-043500_X1011_315,2670.0,X11,201947.0,12:30:00,20160129,3915.15948454,0.0
1,MA_A6-Weekday-SDon-046500_X1242_602,2705.0,X11,201947.0,12:30:00,20160129,0.0,10.0
2,MA_A6-Weekday-SDon-044500_X1011_603,2896.0,X11,201947.0,12:30:00,20160129,1105.85125,6.0
0,CA_A6-Weekday-SDon-037500_MISC_433,2653.0,X11,404891.0,12:00:00,20160129,22032.13125,5.0
1,CA_A6-Weekday-SDon-041000_X1011_309,2224.0,X11,404891.0,12:00:00,20160129,989.015714286,23.0
2,MA_A6-Weekday-SDon-039500_X1011_601,2855.0,X11,404891.0,12:00:00,20160129,6650.13096774,9.0
0,CA_A6-Weekday-SDon-037500_MISC_433,2653.0,X11,404891.0,12:05:00,20160129,26482.2046875,5.0
1,CA_A6-Weekday-SDon-041000_X1011_309,2224.0,X11,404891.0,12:05:00,20160129,3358.41171875,17.0
2,MA_A6-Weekday-SDon-039500_X1011_601,2855.0,X11,404891.0,12:05:00,20160129,7949.1683871,5.0
0,MA_A6-Weekday-SDon-042500_X1011_602,2845.0,X11,404891.0,12:10:00,20160129,498.434713376,24.0
1,CA_A6-Weekday-SDon-037500_MISC_433,2653.0,X11,404891.0,12:10:00,20160129,28798.718125,4.0
2,CA_A6-Weekday-SDon-041000_X1011_309,2224.0,X11,404891.0,12:10:00,20160129,4450.29225806,15.0
3,MA_A6-Weekday-SDon-039500_X1011_601,2855.0,X11,404891.0,12:10:00,20160129,11338.5787097,5.0
0,MA_A6-Weekday-SDon-042500_X1011_602,2845.0,X11,404891.0,12:15:00,20160129,2286.36774194,20.0
1,CA_A6-Weekday-SDon-037500_MISC_433,2653.0,X11,404891.0,12:15:00,20160129,29851.0065625,1.0
2,CA_A6-Weekday-SDon-041000_X1011_309,2224.0,X11,404891.0,12:15:00,20160129,6198.16875,10.0
3,MA_A6-Weekday-SDon-039500_X1011_601,2855.0,X11,404891.0,12:15:00,20160129,12897.5,5.0
0,CA_A6-Weekday-SDon-043500_X1011_315,2670.0,X11,404891.0,12:20:00,20160129,1874.0725,21.0
1,MA_A6-Weekday-SDon-044500_X1011_603,2896.0,X11,404891.0,12:20:00,20160129,3.98,26.0
2,MA_A6-Weekday-SDon-042500_X1011_602,2845.0,X11,404891.0,12:20:00,20160129,3917.163125,17.0
3,CA_A6-Weekday-SDon-041000_X1011_309,2224.0,X11,404891.0,12:20:00,20160129,7604.04,8.0
4,MA_A6-Weekday-SDon-039500_X1011_601,2855.0,X11,404891.0,12:20:00,20160129,17169.6996774,5.0
0,CA_A6-Weekday-SDon-043500_X1011_315,2670.0,X11,404891.0,12:25:00,20160129,2947.1484375,19.0
1,MA_A6-Weekday-SDon-046500_X1242_602,2705.0,X11,404891.0,12:25:00,20160129,214.455298246,27.0
2,MA_A6-Weekday-SDon-044500_X1011_603,2896.0,X11,404891.0,12:25:00,20160129,0.770322580645,27.0
3,MA_A6-Weekday-SDon-042500_X1011_602,2845.0,X11,404891.0,12:25:00,20160129,5024.959375,13.0
4,CA_A6-Weekday-SDon-041000_X1011_309,2224.0,X11,404891.0,12:25:00,20160129,9108.67483871,5.0
5,MA_A6-Weekday-SDon-039500_X1011_601,2855.0,X11,404891.0,12:25:00,20160129,20651.685625,5.0
0,CA_A6-Weekday-SDon-043500_X1011_315,2670.0,X11,404891.0,12:30:00,20160129,3915.15948454,17.0
1,MA_A6-Weekday-SDon-046500_X1242_602,2705.0,X11,404891.0,12:30:00,20160129,0.0,27.0
2,MA_A6-Weekday-SDon-044500_X1011_603,2896.0,X11,404891.0,12:30:00,20160129,1105.85125,23.0
3,MA_A6-Weekday-SDon-042500_X1011_602,2845.0,X11,404891.0,12:30:00,20160129,6550.99904762,9.0
4,CA_A6-Weekday-SDon-041000_X1011_309,2224.0,X11,404891.0,12:30:00,20160129,11839.1006452,5.0
5,MA_A6-Weekday-SDon-039500_X1011_601,2855.0,X11,404891.0,12:30:00,20160129,25707.6563636,5.0
0,CA_A6-Weekday-SDon-037500_MISC_433,2653.0,X11,901108.0,12:00:00,20160129,22032.13125,0.0
1,CA_A6-Weekday-SDon-041000_X1011_309,2224.0,X11,901108.0,12:00:00,20160129,989.015714286,18.0
2,MA_A6-Weekday-SDon-039500_X1011_601,2855.0,X11,901108.0,12:00:00,20160129,6650.13096774,4.0
0,CA_A6-Weekday-SDon-037500_MISC_433,2653.0,X11,901108.0,12:05:00,20160129,26482.2046875,0.0
1,CA_A6-Weekday-SDon-041000_X1011_309,2224.0,X11,901108.0,12:05:00,20160129,3358.41171875,12.0
2,MA_A6-Weekday-SDon-039500_X1011_601,2855.0,X11,901108.0,12:05:00,20160129,7949.1683871,0.0
0,MA_A6-Weekday-SDon-042500_X1011_602,2845.0,X11,901108.0,12:10:00,20160129,498.434713376,19.0
1,CA_A6-Weekday-SDon-041000_X1011_309,2224.0,X11,901108.0,12:10:00,20160129,4450.29225806,10.0
2,MA_A6-Weekday-SDon-039500_X1011_601,2855.0,X11,901108.0,12:10:00,20160129,11338.5787097,0.0
0,MA_A6-Weekday-SDon-042500_X1011_602,2845.0,X11,901108.0,12:15:00,20160129,2286.36774194,15.0
1,CA_A6-Weekday-SDon-041000_X1011_309,2224.0,X11,901108.0,12:15:00,20160129,6198.16875,5.0
2,MA_A6-Weekday-SDon-039500_X1011_601,2855.0,X11,901108.0,12:15:00,20160129,12897.5,0.0
0,CA_A6-Weekday-SDon-043500_X1011_315,2670.0,X11,901108.0,12:20:00,20160129,1874.0725,16.0
1,MA_A6-Weekday-SDon-044500_X1011_603,2896.0,X11,901108.0,12:20:00,20160129,3.98,21.0
2,MA_A6-Weekday-SDon-042500_X1011_602,2845.0,X11,901108.0,12:20:00,20160129,3917.163125,12.0
3,CA_A6-Weekday-SDon-041000_X1011_309,2224.0,X11,901108.0,12:20:00,20160129,7604.04,3.0
4,MA_A6-Weekday-SDon-039500_X1011_601,2855.0,X11,901108.0,12:20:00,20160129,17169.6996774,0.0
0,CA_A6-Weekday-SDon-043500_X1011_315,2670.0,X11,901108.0,12:25:00,20160129,2947.1484375,14.0
1,MA_A6-Weekday-SDon-046500_X1242_602,2705.0,X11,901108.0,12:25:00,20160129,214.455298246,22.0
2,MA_A6-Weekday-SDon-044500_X1011_603,2896.0,X11,901108.0,12:25:00,20160129,0.770322580645,22.0
3,MA_A6-Weekday-SDon-042500_X1011_602,2845.0,X11,901108.0,12:25:00,20160129,5024.959375,8.0
4,CA_A6-Weekday-SDon-041000_X1011_309,2224.0,X11,901108.0,12:25:00,20160129,9108.67483871,0.0
5,MA_A6-Weekday-SDon-039500_X1011_601,2855.0,X11,901108.0,12:25:00,20160129,20651.685625,0.0
0,CA_A6-Weekday-SDon-043500_X1011_315,2670.0,X11,901108.0,12:30:00,20160129,3915.15948454,12.0
1,MA_A6-Weekday-SDon-046500_X1242_602,2705.0,X11,901108.0,12:30:00,20160129,0.0,22.0
2,MA_A6-Weekday-SDon-044500_X1011_603,2896.0,X11,901108.0,12:30:00,20160129,1105.85125,18.0
3,MA_A6-Weekday-SDon-042500_X1011_602,2845.0,X11,901108.0,12:30:00,20160129,6550.99904762,4.0
4,CA_A6-Weekday-SDon-041000_X1011_309,2224.0,X11,901108.0,12:30:00,20160129,11839.1006452,0.0
5,MA_A6-Weekday-SDon-039500_X1011_601,2855.0,X11,901108.0,12:30:00,20160129,25707.6563636,0.0
0,CA_A6-Weekday-SDon-041000_X1011_309,2224.0,X11,201950.0,12:00:00,20160129,989.015714286,8.0
0,CA_A6-Weekday-SDon-041000_X1011_309,2224.0,X11,201950.0,12:05:00,20160129,3358.41171875,2.0
0,MA_A6-Weekday-SDon-042500_X1011_602,2845.0,X11,201950.0,12:10:00,20160129,498.434713376,9.0
1,CA_A6-Weekday-SDon-041000_X1011_309,2224.0,X11,201950.0,12:10:00,20160129,4450.29225806,0.0
0,MA_A6-Weekday-SDon-042500_X1011_602,2845.0,X11,201950.0,12:15:00,20160129,2286.36774194,5.0
0,CA_A6-Weekday-SDon-043500_X1011_315,2670.0,X11,201950.0,12:20:00,20160129,1874.0725,6.0
1,MA_A6-Weekday-SDon-044500_X1011_603,2896.0,X11,201950.0,12:20:00,20160129,3.98,11.0
2,MA_A6-Weekday-SDon-042500_X1011_602,2845.0,X11,201950.0,12:20:00,20160129,3917.163125,2.0
0,CA_A6-Weekday-SDon-043500_X1011_315,2670.0,X11,201950.0,12:25:00,20160129,2947.1484375,4.0
1,MA_A6-Weekday-SDon-046500_X1242_602,2705.0,X11,201950.0,12:25:00,20160129,214.455298246,12.0
2,MA_A6-Weekday-SDon-044500_X1011_603,2896.0,X11,201950.0,12:25:00,20160129,0.770322580645,12.0
0,CA_A6-Weekday-SDon-043500_X1011_315,2670.0,X11,201950.0,12:30:00,20160129,3915.15948454,2.0
1,MA_A6-Weekday-SDon-046500_X1242_602,2705.0,X11,201950.0,12:30:00,20160129,0.0,12.0
2,MA_A6-Weekday-SDon-044500_X1011_603,2896.0,X11,201950.0,12:30:00,20160129,1105.85125,8.0
0,CA_A6-Weekday-SDon-041000_X14_308,2210.0,X14,203616.0,12:00:00,20160129,3028.38629032,5.0
0,CA_A6-Weekday-SDon-041000_X14_308,2210.0,X14,203616.0,12:05:00,20160129,4099.34984375,1.0
0,CA_A6-Weekday-SDon-042000_X14_309,2213.0,X14,203616.0,12:10:00,20160129,698.076969697,12.0
1,MA_A6-Weekday-SDon-043000_MISC_651,2815.0,X14,203616.0,12:10:00,20160129,40.47,14.0
0,CA_A6-Weekday-SDon-042000_X14_309,2213.0,X14,203616.0,12:15:00,20160129,2569.66064516,5.0
1,MA_A6-Weekday-SDon-043000_MISC_651,2815.0,X14,203616.0,12:15:00,20160129,1409.18064516,9.0
0,CA_A6-Weekday-SDon-042000_X14_309,2213.0,X14,203616.0,12:20:00,20160129,4374.991875,1.0
1,MA_A6-Weekday-SDon-043000_MISC_651,2815.0,X14,203616.0,12:20:00,20160129,2850.83,5.0
0,CA_A6-Weekday-SDon-044000_X14_310,2646.0,X14,203616.0,12:25:00,20160129,862.50375,11.0
1,MA_A6-Weekday-SDon-043000_MISC_651,2815.0,X14,203616.0,12:25:00,20160129,4271.77387097,1.0
0,CA_A6-Weekday-SDon-044000_X14_310,2646.0,X14,203616.0,12:30:00,20160129,2632.20336842,5.0
0,CA_A6-Weekday-SDon-041000_X14_308,2210.0,X14,805033.0,12:00:00,20160129,3028.38629032,20.0
1,CA_A6-Weekday-SDon-039000_X14_306,2665.0,X14,805033.0,12:00:00,20160129,8195.34,5.0
2,CA_A6-Weekday-SDon-040000_X14_307,2212.0,X14,805033.0,12:00:00,20160129,5717.46193548,12.0
0,CA_A6-Weekday-SDon-041000_X14_308,2210.0,X14,805033.0,12:05:00,20160129,4099.34984375,16.0
1,CA_A6-Weekday-SDon-039000_X14_306,2665.0,X14,805033.0,12:05:00,20160129,10022.0933333,2.0
2,CA_A6-Weekday-SDon-040000_X14_307,2212.0,X14,805033.0,12:05:00,20160129,7210.20951613,7.0
0,CA_A6-Weekday-SDon-041000_X14_308,2210.0,X14,805033.0,12:10:00,20160129,5160.5783871,13.0
1,CA_A6-Weekday-SDon-042000_X14_309,2213.0,X14,805033.0,12:10:00,20160129,698.076969697,27.0
2,MA_A6-Weekday-SDon-043000_MISC_651,2815.0,X14,805033.0,12:10:00,20160129,40.47,29.0
3,CA_A6-Weekday-SDon-040000_X14_307,2212.0,X14,805033.0,12:10:00,20160129,8301.10870968,4.0
0,CA_A6-Weekday-SDon-041000_X14_308,2210.0,X14,805033.0,12:15:00,20160129,6220.80612903,10.0
1,CA_A6-Weekday-SDon-042000_X14_309,2213.0,X14,805033.0,12:15:00,20160129,2569.66064516,20.0
2,MA_A6-Weekday-SDon-043000_MISC_651,2815.0,X14,805033.0,12:15:00,20160129,1409.18064516,24.0
3,CA_A6-Weekday-SDon-040000_X14_307,2212.0,X14,805033.0,12:15:00,20160129,9975.9221875,2.0
0,CA_A6-Weekday-SDon-041000_X14_308,2210.0,X14,805033.0,12:20:00,20160129,7222.22645161,7.0
1,CA_A6-Weekday-SDon-042000_X14_309,2213.0,X14,805033.0,12:20:00,20160129,4374.991875,16.0
2,MA_A6-Weekday-SDon-043000_MISC_651,2815.0,X14,805033.0,12:20:00,20160129,2850.83,20.0
0,CA_A6-Weekday-SDon-041000_X14_308,2210.0,X14,805033.0,12:25:00,20160129,8108.78677419,5.0
1,CA_A6-Weekday-SDon-042000_X14_309,2213.0,X14,805033.0,12:25:00,20160129,5858.49677419,12.0
2,CA_A6-Weekday-SDon-044000_X14_310,2646.0,X14,805033.0,12:25:00,20160129,862.50375,26.0
3,MA_A6-Weekday-SDon-043000_MISC_651,2815.0,X14,805033.0,12:25:00,20160129,4271.77387097,16.0
0,CA_A6-Weekday-SDon-041000_X14_308,2210.0,X14,805033.0,12:30:00,20160129,9244.44,4.0
1,CA_A6-Weekday-SDon-042000_X14_309,2213.0,X14,805033.0,12:30:00,20160129,6630.84691489,9.0
2,CA_A6-Weekday-SDon-044000_X14_310,2646.0,X14,805033.0,12:30:00,20160129,2632.20336842,20.0
3,MA_A6-Weekday-SDon-043000_MISC_651,2815.0,X14,805033.0,12:30:00,20160129,5650.66079365,12.0
0,CA_A6-Weekday-SDon-041000_X14_308,2210.0,X14,805039.0,12:00:00,20160129,3028.38629032,25.0
1,CA_A6-Weekday-SDon-039000_X14_306,2665.0,X14,805039.0,12:00:00,20160129,8195.34,10.0
2,CA_A6-Weekday-SDon-040000_X14_307,2212.0,X14,805039.0,12:00:00,20160129,5717.46193548,17.0
0,CA_A6-Weekday-SDon-041000_X14_308,2210.0,X14,805039.0,12:05:00,20160129,4099.34984375,21.0
1,CA_A6-Weekday-SDon-039000_X14_306,2665.0,X14,805039.0,12:05:00,20160129,10022.0933333,7.0
2,CA_A6-Weekday-SDon-040000_X14_307,2212.0,X14,805039.0,12:05:00,20160129,7210.20951613,12.0
0,CA_A6-Weekday-SDon-041000_X14_308,2210.0,X14,805039.0,12:10:00,20160129,5160.5783871,18.0
1,CA_A6-Weekday-SDon-042000_X14_309,2213.0,X14,805039.0,12:10:00,20160129,698.076969697,32.0
2,MA_A6-Weekday-SDon-043000_MISC_651,2815.0,X14,805039.0,12:10:00,20160129,40.47,34.0
3,CA_A6-Weekday-SDon-040000_X14_307,2212.0,X14,805039.0,12:10:00,20160129,8301.10870968,9.0
0,CA_A6-Weekday-SDon-041000_X14_308,2210.0,X14,805039.0,12:15:00,20160129,6220.80612903,15.0
1,CA_A6-Weekday-SDon-042000_X14_309,2213.0,X14,805039.0,12:15:00,20160129,2569.66064516,25.0
2,MA_A6-Weekday-SDon-043000_MISC_651,2815.0,X14,805039.0,12:15:00,20160129,1409.18064516,29.0
3,CA_A6-Weekday-SDon-040000_X14_307,2212.0,X14,805039.0,12:15:00,20160129,9975.9221875,7.0
0,CA_A6-Weekday-SDon-041000_X14_308,2210.0,X14,805039.0,12:20:00,20160129,7222.22645161,12.0
1,CA_A6-Weekday-SDon-042000_X14_309,2213.0,X14,805039.0,12:20:00,20160129,4374.991875,21.0
2,MA_A6-Weekday-SDon-043000_MISC_651,2815.0,X14,805039.0,12:20:00,20160129,2850.83,25.0
0,CA_A6-Weekday-SDon-041000_X14_308,2210.0,X14,805039.0,12:25:00,20160129,8108.78677419,10.0
1,CA_A6-Weekday-SDon-042000_X14_309,2213.0,X14,805039.0,12:25:00,20160129,5858.49677419,17.0
2,CA_A6-Weekday-SDon-044000_X14_310,2646.0,X14,805039.0,12:25:00,20160129,862.50375,31.0
3,MA_A6-Weekday-SDon-043000_MISC_651,2815.0,X14,805039.0,12:25:00,20160129,4271.77387097,21.0
0,CA_A6-Weekday-SDon-041000_X14_308,2210.0,X14,805039.0,12:30:00,20160129,9244.44,9.0
1,CA_A6-Weekday-SDon-042000_X14_309,2213.0,X14,805039.0,12:30:00,20160129,6630.84691489,14.0
2,CA_A6-Weekday-SDon-044000_X14_310,2646.0,X14,805039.0,12:30:00,20160129,2632.20336842,25.0
3,MA_A6-Weekday-SDon-043000_MISC_651,2815.0,X14,805039.0,12:30:00,20160129,5650.66079365,17.0
0,CA_A6-Weekday-SDon-041000_X14_308,2210.0,X14,201495.0,12:00:00,20160129,3028.38629032,0.0
0,CA_A6-Weekday-SDon-042000_X14_309,2213.0,X14,201495.0,12:10:00,20160129,698.076969697,7.0
1,MA_A6-Weekday-SDon-043000_MISC_651,2815.0,X14,201495.0,12:10:00,20160129,40.47,9.0
0,CA_A6-Weekday-SDon-042000_X14_309,2213.0,X14,201495.0,12:15:00,20160129,2569.66064516,0.0
1,MA_A6-Weekday-SDon-043000_MISC_651,2815.0,X14,201495.0,12:15:00,20160129,1409.18064516,4.0
0,MA_A6-Weekday-SDon-043000_MISC_651,2815.0,X14,201495.0,12:20:00,20160129,2850.83,0.0
0,CA_A6-Weekday-SDon-044000_X14_310,2646.0,X14,201495.0,12:25:00,20160129,862.50375,6.0
0,CA_A6-Weekday-SDon-044000_X14_310,2646.0,X14,201495.0,12:30:00,20160129,2632.20336842,0.0
