,route_id,direction_id,stop_id,dist_along_route
0,X42,0.0,202823.0,0.0
1,X42,0.0,202824.0,523.06
2,X42,0.0,203087.0,915.53
3,X42,0.0,203730.0,1476.59
4,X42,0.0,201485.0,1919.16
5,X42,0.0,203537.0,2259.36
6,X42,0.0,203693.0,3038.58
7,X42,0.0,203653.0,3893.59
8,X42,0.0,203603.0,4293.59
9,X42,0.0,203607.0,4603.15
10,X42,0.0,203719.0,4888.12
11,X42,0.0,201325.0,5142.13
12,X42,0.0,203161.0,5437.62
13,X42,0.0,203163.0,5677.84
14,X42,0.0,203164.0,5929.14
15,X42,0.0,905056.0,6348.27
16,X42,0.0,200535.0,6621.7
17,X42,0.0,200537.0,6987.15
18,X42,0.0,203615.0,7527.92
19,X42,0.0,805154.0,7923.69
20,X42,0.0,805033.0,15623.53
21,X42,0.0,805035.0,17516.48
22,X42,0.0,901114.0,18728.73
23,X42,0.0,805034.0,19086.95
24,X42,0.0,805037.0,19473.66
25,X42,0.0,805039.0,22695.44
26,X42,0.0,805038.0,24745.58
27,X42,0.0,901171.0,26121.01
28,X42,0.0,901112.0,28457.14
29,X42,0.0,901111.0,30649.11
30,X42,0.0,402143.0,35413.48
31,X42,0.0,402144.0,35689.05
32,X42,0.0,402145.0,35856.34
33,X42,0.0,905030.0,36161.3
34,X42,0.0,404295.0,36446.56
35,X42,0.0,404877.0,36808.93
36,X42,0.0,400354.0,37251.31
37,X42,0.0,450040.0,37769.93
38,X42,0.0,404299.0,38338.12
39,X42,0.0,404300.0,38812.68
40,X42,0.0,402227.0,39067.16
41,X42,0.0,402228.0,39214.35
42,X42,0.0,402229.0,39531.86
43,X42,0.0,400744.0,39798.76
44,X42,0.0,400745.0,39977.51
45,X42,0.0,402233.0,40329.69
46,X42,0.0,403986.0,40622.33
47,X42,0.0,905057.0,40898.34
105,S57,0.0,202686.0,0.0
106,S57,0.0,202501.0,268.85
107,S57,0.0,202502.0,447.67
108,S57,0.0,202503.0,574.68
109,S57,0.0,202553.0,805.13
110,S57,0.0,201126.0,1075.3
111,S57,0.0,201127.0,1324.52
112,S57,0.0,203697.0,1437.65
113,S57,0.0,201754.0,1685.04
114,S57,0.0,201755.0,1883.22
115,S57,0.0,201756.0,2123.2
116,S57,0.0,201448.0,2287.95
117,S57,0.0,201758.0,2596.53
118,S57,0.0,203174.0,2776.08
119,S57,0.0,201450.0,2987.8
120,S57,0.0,201451.0,3192.25
121,S57,0.0,202545.0,3413.31
122,S57,0.0,201453.0,3580.61
123,S57,0.0,202786.0,3862.37
124,S57,0.0,203012.0,3993.13
125,S57,0.0,201455.0,4208.94
126,S57,0.0,203470.0,4395.09
127,S57,0.0,202391.0,4566.01
128,S57,0.0,201378.0,4777.65
129,S57,0.0,905141.0,4915.2
130,S57,0.0,201460.0,5236.53
131,S57,0.0,200340.0,5477.72
132,S57,0.0,201462.0,5687.48
133,S57,0.0,201463.0,5950.27
134,S57,0.0,201464.0,6126.55
135,S57,0.0,201465.0,6415.77
136,S57,0.0,202678.0,7422.89
137,S57,0.0,805010.0,8184.45
138,S57,0.0,805011.0,8468.62
139,S57,0.0,905182.0,8945.67
140,S57,0.0,805012.0,9273.04
141,S57,0.0,202546.0,9886.11
142,S57,0.0,201473.0,10150.31
143,S57,0.0,201474.0,10275.84
144,S57,0.0,203808.0,10411.34
145,S57,0.0,201476.0,10682.62
146,S57,0.0,201477.0,10847.88
147,S57,0.0,203538.0,11190.2
148,S57,0.0,203406.0,11427.33
149,S57,0.0,201480.0,11622.43
150,S57,0.0,203165.0,11930.79
151,S57,0.0,203166.0,12227.44
152,S57,0.0,203167.0,12471.05
153,S57,0.0,201427.0,12625.14
154,S57,0.0,201428.0,12759.08
155,S57,0.0,201429.0,12957.23
156,S57,0.0,201430.0,13212.03
157,S57,0.0,201431.0,13339.77
158,S57,0.0,201432.0,13623.41
159,S57,0.0,201433.0,13852.24
160,S57,0.0,201434.0,14135.23
161,S57,0.0,201435.0,14321.86
162,S57,0.0,201436.0,14503.63
163,S57,0.0,201437.0,14708.59
164,S57,0.0,203541.0,14979.53
165,S57,0.0,200900.0,15223.2
166,S57,0.0,202782.0,15520.37
167,S57,0.0,200902.0,15599.9
168,S57,0.0,200416.0,15866.05
169,S57,0.0,200417.0,16093.81
170,S57,0.0,905110.0,16389.91
171,S56,0.0,202632.0,0.0
172,S56,0.0,201182.0,509.15
173,S56,0.0,201183.0,674.46
174,S56,0.0,201184.0,1340.45
175,S56,0.0,203991.0,1507.75
176,S56,0.0,203393.0,1703.86
177,S56,0.0,202635.0,1832.56
178,S56,0.0,203394.0,1962.17
179,S56,0.0,203017.0,2116.79
180,S56,0.0,202275.0,2352.1
181,S56,0.0,202894.0,2631.85
182,S56,0.0,202277.0,2992.93
183,S56,0.0,202278.0,3157.96
184,S56,0.0,202279.0,3464.96
185,S56,0.0,202280.0,3749.12
186,S56,0.0,202893.0,4081.47
187,S55,0.0,805143.0,0.0
188,S55,0.0,203527.0,516.22
189,S55,0.0,203528.0,796.92
190,S55,0.0,805093.0,1022.54
191,S55,0.0,805094.0,1295.64
192,S55,0.0,203949.0,1430.34
193,S55,0.0,805096.0,1997.79
194,S55,0.0,805098.0,2867.95
195,S55,0.0,203959.0,3273.55
196,S55,0.0,203951.0,3789.8
197,S55,0.0,202899.0,4259.61
198,S55,0.0,203656.0,4529.28
199,S55,0.0,202934.0,4846.38
200,S55,0.0,200981.0,5000.17
201,S55,0.0,200982.0,5691.53
202,S55,0.0,805105.0,5873.91
203,S55,0.0,202641.0,6333.49
204,S55,0.0,203957.0,6492.8
205,S55,0.0,202329.0,7189.36
206,S55,0.0,202330.0,7565.16
207,S55,0.0,202331.0,7811.26
208,S55,0.0,202332.0,8110.24
209,S55,0.0,202333.0,8460.83
210,S55,0.0,202334.0,8624.29
211,S55,0.0,202335.0,9189.95
212,S55,0.0,202922.0,9441.01
213,S55,0.0,202921.0,10012.22
214,S55,0.0,203597.0,10314.77
215,S55,0.0,203001.0,10649.58
216,S55,0.0,202918.0,11112.46
217,S55,0.0,202095.0,11399.4
218,S55,0.0,202096.0,11599.61
219,S55,0.0,905046.0,12020.99
220,S55,0.0,202917.0,13252.33
221,S55,0.0,202845.0,13825.63
222,S55,0.0,202844.0,14407.09
223,S55,0.0,202842.0,14947.74
224,S55,0.0,202841.0,15339.4
225,S55,0.0,905162.0,15770.44
226,S54,0.0,203463.0,0.0
227,S54,0.0,200479.0,252.96
228,S54,0.0,200480.0,388.51
229,S54,0.0,203399.0,545.41
230,S54,0.0,203361.0,858.98
231,S54,0.0,200484.0,1218.6
232,S54,0.0,200486.0,1564.67
233,S54,0.0,200487.0,1849.2
234,S54,0.0,200488.0,2135.27
235,S54,0.0,203460.0,2383.0
236,S54,0.0,200490.0,2575.72
237,S54,0.0,200491.0,2827.51
238,S54,0.0,200492.0,2998.85
239,S54,0.0,203214.0,3299.01
240,S54,0.0,203215.0,3532.54
241,S54,0.0,200496.0,3808.73
242,S54,0.0,202103.0,4096.42
243,S54,0.0,202724.0,4236.81
244,S54,0.0,203113.0,4519.21
245,S54,0.0,202800.0,4770.16
246,S54,0.0,203655.0,4907.09
247,S54,0.0,202651.0,5248.33
248,S54,0.0,203625.0,5595.74
249,S54,0.0,203644.0,5874.92
250,S54,0.0,200507.0,6063.44
251,S54,0.0,200508.0,6263.49
252,S54,0.0,200509.0,6567.25
253,S54,0.0,203682.0,6790.71
254,S54,0.0,201462.0,6927.89
255,S54,0.0,201463.0,7190.67
256,S54,0.0,201464.0,7366.95
257,S54,0.0,201465.0,7656.17
258,S54,0.0,203651.0,8144.42
259,S54,0.0,202678.0,8663.29
260,S54,0.0,805010.0,9424.85
261,S54,0.0,805011.0,9709.02
262,S54,0.0,905182.0,10186.07
263,S54,0.0,805012.0,10513.45
264,S54,0.0,203009.0,10738.72
265,S54,0.0,202546.0,11126.51
266,S54,0.0,201684.0,11377.95
267,S54,0.0,201685.0,11569.47
268,S54,0.0,201686.0,11787.8566667
269,S54,0.0,201687.0,12007.5
270,S54,0.0,201688.0,12473.4
271,S54,0.0,201689.0,12611.49
272,S54,0.0,201690.0,12782.6
273,S54,0.0,201691.0,12987.24
274,S54,0.0,201692.0,13214.68
275,S54,0.0,201693.0,13413.18
276,S54,0.0,201694.0,13699.98
277,S54,0.0,201695.0,13878.9
278,S54,0.0,201696.0,14033.04
279,S54,0.0,201697.0,14197.18
280,S54,0.0,201698.0,14395.45
281,S54,0.0,201699.0,14648.8
282,S54,0.0,201700.0,14797.76
283,S54,0.0,201701.0,15033.09
284,S54,0.0,202978.0,15292.45
285,S54,0.0,203643.0,15644.34
286,S54,0.0,203030.0,15943.62
287,S54,0.0,203031.0,16202.32
288,S54,0.0,200263.0,16489.63
289,S54,0.0,200265.0,16806.64
290,S54,0.0,200266.0,16948.72
291,S54,0.0,201711.0,17216.91
292,S54,0.0,201712.0,17338.03
293,S54,0.0,201713.0,17552.28
294,S54,0.0,200063.0,17970.09
295,S54,0.0,905106.0,18193.56
296,S53,0.0,202740.0,0.0
297,S53,0.0,200426.0,338.71
298,S53,0.0,200427.0,630.58
299,S53,0.0,200259.0,878.04
300,S53,0.0,200261.0,1184.39
301,S53,0.0,203032.0,1543.65
302,S53,0.0,200263.0,1770.1
303,S53,0.0,200264.0,1978.11
304,S53,0.0,200265.0,2087.11
305,S53,0.0,200266.0,2229.18
306,S53,0.0,203034.0,2441.0
307,S53,0.0,203035.0,2659.88
308,S53,0.0,203036.0,2859.02
309,S53,0.0,203037.0,3102.76
310,S53,0.0,203038.0,3274.0
311,S53,0.0,203039.0,3536.47
312,S53,0.0,203456.0,3676.56
313,S53,0.0,200646.0,3984.52
314,S53,0.0,200715.0,4205.75
315,S53,0.0,202603.0,4471.31
316,S53,0.0,203554.0,4795.63
317,S53,0.0,200612.0,4969.66
318,S53,0.0,202787.0,5125.16
319,S53,0.0,203052.0,5251.96
320,S53,0.0,200652.0,5597.38
321,S53,0.0,203499.0,6219.12
322,S53,0.0,203500.0,6312.34
323,S53,0.0,203501.0,6504.18
324,S53,0.0,203502.0,6661.42
325,S53,0.0,203503.0,6804.29
326,S53,0.0,203504.0,7005.26
327,S53,0.0,203505.0,7268.82
328,S53,0.0,200660.0,7675.06
329,S53,0.0,200661.0,7857.87
330,S53,0.0,200662.0,8110.5
331,S53,0.0,200663.0,8313.05
332,S53,0.0,200664.0,8484.06
333,S53,0.0,201289.0,8573.37
334,S53,0.0,200128.0,8822.44
335,S53,0.0,200129.0,8945.79
336,S53,0.0,203891.0,9164.61
337,S53,0.0,200131.0,9308.97
338,S53,0.0,200132.0,9433.13
339,S53,0.0,307203.0,13641.17
340,S53,0.0,307501.0,14220.4
341,S53,0.0,301707.0,14387.03
342,S53,0.0,801069.0,14619.28
343,S52,0.0,805124.0,0.0
344,S52,0.0,203391.0,720.56
345,S52,0.0,203236.0,1362.17
346,S52,0.0,203228.0,1499.97
347,S52,0.0,200110.0,1657.48
348,S52,0.0,200111.0,1769.6
349,S52,0.0,203104.0,1875.92
350,S52,0.0,200113.0,1963.36
351,S52,0.0,200114.0,2036.11
352,S52,0.0,203428.0,2920.92
353,S52,0.0,203629.0,3192.31
354,S52,0.0,203429.0,3265.38
355,S52,0.0,203430.0,3378.19
356,S52,0.0,200119.0,3576.28
357,S52,0.0,200120.0,3781.26
358,S52,0.0,200121.0,3975.69
359,S52,0.0,200122.0,4196.77
360,S52,0.0,200123.0,4376.12
361,S52,0.0,200124.0,4530.89
362,S52,0.0,200125.0,4679.42
363,S52,0.0,200126.0,4834.91
364,S52,0.0,200127.0,4969.15
365,S52,0.0,200694.0,5211.75
366,S52,0.0,200695.0,5442.98
367,S52,0.0,203013.0,5638.03
368,S52,0.0,201220.0,5848.23
369,S52,0.0,201221.0,6162.79
370,S52,0.0,201222.0,6333.21
371,S52,0.0,201223.0,6632.72
372,S52,0.0,201224.0,6918.92
373,S52,0.0,201225.0,7212.23
374,S52,0.0,203674.0,7580.36
375,S52,0.0,203116.0,7751.76
376,S52,0.0,201059.0,8140.12
377,S52,0.0,201060.0,8410.42
378,S52,0.0,201061.0,8641.37
379,S52,0.0,201062.0,8902.24
380,S52,0.0,202788.0,9155.12
381,S52,0.0,202981.0,9504.02
382,S52,0.0,201235.0,9787.5
383,S52,0.0,201236.0,10104.05
384,S52,0.0,201237.0,10375.17
385,S52,0.0,201238.0,10606.68
386,S52,0.0,200280.0,10748.2
387,S52,0.0,200281.0,10934.42
388,S52,0.0,201241.0,11190.84
389,S52,0.0,200754.0,11477.57
390,S52,0.0,200755.0,11627.44
391,S52,0.0,200756.0,11733.29
392,S52,0.0,200757.0,12009.24
393,S52,0.0,200758.0,12260.73
394,S52,0.0,202608.0,12471.16
395,S52,0.0,200760.0,12644.62
396,S52,0.0,200761.0,12773.98
397,S52,0.0,200762.0,13012.15
398,S52,0.0,200763.0,13124.0
399,S52,0.0,200764.0,13289.4
400,S52,0.0,200765.0,13631.24
401,S52,0.0,203650.0,13925.1
402,S52,0.0,805014.0,14332.77
403,S51,0.0,200242.0,0.0
404,S51,0.0,200157.0,244.56
405,S51,0.0,203466.0,516.83
406,S51,0.0,200160.0,703.63
407,S51,0.0,200159.0,864.03
408,S51,0.0,200161.0,1071.65
409,S51,0.0,203008.0,1504.36
410,S51,0.0,200097.0,1700.92
411,S51,0.0,200099.0,1945.76
412,S51,0.0,201680.0,2314.37
413,S51,0.0,200102.0,2663.74
414,S51,0.0,200104.0,3070.1
415,S51,0.0,200105.0,3302.72
416,S51,0.0,200107.0,3582.25
417,S51,0.0,203236.0,3779.41
418,S51,0.0,203228.0,3917.21
419,S51,0.0,200110.0,4074.72
420,S51,0.0,200111.0,4186.83
421,S51,0.0,203104.0,4293.16
422,S51,0.0,200113.0,4380.59
423,S51,0.0,203083.0,4983.37735849
424,S51,0.0,200163.0,1438.57382353
425,S51,0.0,200165.0,3565.12105263
426,S51,0.0,200166.0,3867.61351351
427,S51,0.0,200132.0,1205.39
428,S51,0.0,202989.0,1327.39
429,S51,0.0,200135.0,1929.76
430,S51,0.0,200136.0,2118.95
431,S51,0.0,200137.0,4846.63051948
432,S51,0.0,203692.0,4847.88416667
433,S51,0.0,203690.0,5964.13674419
434,S51,0.0,200139.0,5349.75333333
435,S51,0.0,200140.0,6070.74352518
436,S51,0.0,202801.0,5995.52303371
437,S51,0.0,200142.0,7047.52489796
438,S51,0.0,200144.0,6957.97033708
439,S51,0.0,200145.0,6689.02346154
440,S51,0.0,200146.0,7285.48098361
441,S51,0.0,200147.0,7442.63461538
442,S51,0.0,200148.0,7766.23019608
443,S51,0.0,200149.0,7127.58391304
444,S51,0.0,203379.0,8120.41434783
445,S51,0.0,200151.0,8222.00588235
446,S51,0.0,200152.0,7470.08179487
447,S51,0.0,200153.0,8448.57779661
448,S51,0.0,200154.0,8746.353125
449,S51,0.0,203650.0,8980.94142857
450,S51,0.0,805015.0,9829.33115385
451,X10B,0.0,905019.0,0.0
452,X10B,0.0,200316.0,271.41
453,X10B,0.0,200428.0,666.87
454,X10B,0.0,200430.0,1102.31
455,X10B,0.0,203605.0,1363.17
456,X10B,0.0,202647.0,1675.11
457,X10B,0.0,805156.0,1992.6
458,X10B,0.0,203693.0,2464.62
459,X10B,0.0,203653.0,3319.63
460,X10B,0.0,200440.0,3582.26
461,X10B,0.0,200441.0,3799.4
462,X10B,0.0,200442.0,4030.56
463,X10B,0.0,200443.0,4372.41
464,X10B,0.0,201948.0,4842.81
465,X10B,0.0,201950.0,5222.65
466,X10B,0.0,201951.0,5490.08
467,X10B,0.0,203604.0,5765.18
468,X10B,0.0,203608.0,6102.26
469,X10B,0.0,203609.0,6660.67
470,X10B,0.0,203610.0,6973.86
471,X10B,0.0,203611.0,7400.41
472,X10B,0.0,203612.0,7812.81
473,X10B,0.0,203613.0,8407.67
474,X10B,0.0,203614.0,8744.72
475,X10B,0.0,901108.0,19758.37
476,X10B,0.0,405017.0,29300.86
477,X10B,0.0,404891.0,30652.52
478,X10B,0.0,404892.0,30857.74
479,X10B,0.0,404959.0,30901.88
480,X10B,0.0,404894.0,31238.38
481,X10B,0.0,404132.0,32069.56
482,X10B,0.0,400723.0,32801.41
483,X10B,0.0,400726.0,33363.06
484,X10B,0.0,403353.0,34348.02
485,X10B,0.0,404295.0,34652.73
486,X10B,0.0,404877.0,35015.1
487,X10B,0.0,400354.0,35457.47
488,X10B,0.0,450040.0,35976.09
489,X10B,0.0,404299.0,36544.28
490,X10B,0.0,404300.0,37018.84
491,X10B,0.0,403620.0,37271.19
492,X10B,0.0,402215.0,37763.98
493,S78,0.0,905180.0,0.0
494,S78,0.0,202256.0,2104.08
495,S78,0.0,203549.0,2415.77
496,S78,0.0,203550.0,2834.13
497,S78,0.0,202260.0,3153.83
498,S78,0.0,203183.0,3689.8
499,S78,0.0,202262.0,3826.81
500,S78,0.0,202263.0,3981.57
501,S78,0.0,202264.0,4271.82
502,S78,0.0,203068.0,4581.43
503,S78,0.0,200966.0,4781.89
504,S78,0.0,200967.0,5290.22
505,S78,0.0,200968.0,5448.37
506,S78,0.0,200969.0,5607.06
507,S78,0.0,200970.0,5910.0
508,S78,0.0,200971.0,6197.51
509,S78,0.0,200972.0,6362.89
510,S78,0.0,200973.0,6690.47
511,S78,0.0,200974.0,7178.06
512,S78,0.0,203642.0,7674.81
513,S78,0.0,203647.0,7876.05
514,S78,0.0,200977.0,8360.37
515,S78,0.0,200978.0,8830.88
516,S78,0.0,200979.0,9209.19
517,S78,0.0,200980.0,9542.65
518,S78,0.0,200981.0,9806.67
519,S78,0.0,200982.0,10498.04
520,S78,0.0,200983.0,10707.47
521,S78,0.0,200984.0,10859.64
522,S78,0.0,200985.0,11447.4
523,S78,0.0,202657.0,11602.87
524,S78,0.0,200987.0,11934.1
525,S78,0.0,200988.0,12081.98
526,S78,0.0,200990.0,12419.85
527,S78,0.0,200991.0,12577.87
528,S78,0.0,200992.0,12806.08
529,S78,0.0,200993.0,13147.4
530,S78,0.0,200994.0,13422.02
531,S78,0.0,200995.0,13697.02
532,S78,0.0,203431.0,13946.84
533,S78,0.0,200479.0,14168.14
534,S78,0.0,200480.0,14303.69
535,S78,0.0,203399.0,14460.59
536,S78,0.0,203361.0,14774.16
537,S78,0.0,201003.0,15132.67
538,S78,0.0,201005.0,15564.61
539,S78,0.0,201006.0,15721.46
540,S78,0.0,201007.0,15954.19
541,S78,0.0,201008.0,16219.74
542,S78,0.0,201009.0,16511.76
543,S78,0.0,201010.0,16682.14
544,S78,0.0,201011.0,16837.19
545,S78,0.0,202785.0,17088.87
546,S78,0.0,201012.0,17331.68
547,S78,0.0,201013.0,17504.52
548,S78,0.0,201014.0,17662.37
549,S78,0.0,203967.0,17899.71
550,S78,0.0,201016.0,18191.73
551,S78,0.0,201017.0,18438.52
552,S78,0.0,203082.0,18760.78
553,S78,0.0,201020.0,19053.67
554,S78,0.0,202567.0,19225.64
555,S78,0.0,203683.0,19323.84
556,S78,0.0,201022.0,19644.82
557,S78,0.0,201023.0,19833.32
558,S78,0.0,202602.0,19991.36
559,S78,0.0,201026.0,20178.13
560,S78,0.0,201630.0,20465.92
561,S78,0.0,201028.0,20659.26
562,S78,0.0,201029.0,20823.38
563,S78,0.0,201030.0,20978.61
564,S78,0.0,201031.0,21144.59
565,S78,0.0,201032.0,21437.46
566,S78,0.0,201033.0,21556.3
567,S78,0.0,201034.0,21763.09
568,S78,0.0,203698.0,21861.9
569,S78,0.0,201036.0,22089.73
570,S78,0.0,201037.0,22275.7
571,S78,0.0,201038.0,22491.1
572,S78,0.0,201039.0,22691.12
573,S78,0.0,203699.0,22933.45
574,S78,0.0,203700.0,23129.36
575,S78,0.0,201042.0,23428.5
576,S78,0.0,200660.0,23606.12
577,S78,0.0,200661.0,23788.93
578,S78,0.0,200662.0,24041.56
579,S78,0.0,200663.0,24244.11
580,S78,0.0,200664.0,24415.12
581,S78,0.0,203013.0,24615.58
582,S78,0.0,201049.0,24747.82
583,S78,0.0,201050.0,24959.59
584,S78,0.0,202802.0,25214.33
585,S78,0.0,201052.0,25436.01
586,S78,0.0,201053.0,25694.88
587,S78,0.0,201054.0,26000.63
588,S78,0.0,201055.0,26315.69
589,S78,0.0,203674.0,26660.35
590,S78,0.0,203116.0,26831.75
591,S78,0.0,201059.0,27220.11
592,S78,0.0,201060.0,27490.41
593,S78,0.0,201061.0,27721.36
594,S78,0.0,201062.0,27982.22
595,S78,0.0,202788.0,28235.1
596,S78,0.0,201064.0,28683.57
597,S78,0.0,201623.0,29024.81
598,S78,0.0,201066.0,29254.37
599,S78,0.0,200152.0,29523.86
600,S78,0.0,200285.0,29729.61
601,S78,0.0,200154.0,29950.72
602,S78,0.0,203650.0,30231.05
603,S78,0.0,805015.0,30590.22
604,S90,0.0,203061.0,0.0
605,S90,0.0,200001.0,320.42
606,S90,0.0,203677.0,1772.06
607,S90,0.0,203760.0,2218.09
608,S90,0.0,202998.0,2564.39
609,S90,0.0,202985.0,2693.05
610,S90,0.0,201574.0,2885.77
611,S90,0.0,201576.0,3189.33
612,S90,0.0,201525.0,3291.6448
613,S90,0.0,200008.0,4129.01
614,S90,0.0,200009.0,4261.01
615,S90,0.0,200010.0,4528.44
616,S90,0.0,200011.0,4735.77
617,S90,0.0,202994.0,4937.77
618,S90,0.0,203479.0,5366.84
619,S90,0.0,200015.0,5558.95
620,S90,0.0,200016.0,5687.15
621,S90,0.0,200017.0,5856.48
622,S90,0.0,200018.0,6012.72
623,S90,0.0,200019.0,6261.61
624,S90,0.0,200020.0,6535.4
625,S90,0.0,200021.0,6763.97
626,S90,0.0,200022.0,6937.12
627,S90,0.0,200023.0,7058.94
628,S90,0.0,202738.0,7354.47
629,S90,0.0,200033.0,8994.63
630,S90,0.0,202995.0,10803.17
631,S90,0.0,200041.0,11484.45
632,S90,0.0,805006.0,13363.97
633,X21,0.0,203463.0,0.0
634,X21,0.0,200375.0,1186.24
635,X21,0.0,200377.0,1512.9
636,X21,0.0,200381.0,2307.27
637,X21,0.0,200384.0,3032.42
638,X21,0.0,805165.0,3478.14
639,X21,0.0,202236.0,4547.53
640,X21,0.0,202239.0,6281.68
641,X21,0.0,905086.0,6965.33
642,X21,0.0,905160.0,18750.67
643,X21,0.0,403239.0,48545.66
644,X21,0.0,403240.0,48752.67
645,X21,0.0,403242.0,49146.9
646,X21,0.0,403245.0,49921.46
647,X21,0.0,403247.0,50280.91
648,X21,0.0,403248.0,50501.03
649,X21,0.0,403249.0,50805.27
650,S74,0.0,905180.0,0.0
651,S74,0.0,202073.0,2168.01879518
652,S74,0.0,905130.0,2532.58
653,S74,0.0,203545.0,3094.45555556
654,S74,0.0,203546.0,3304.0464
655,S74,0.0,202076.0,3436.02666667
656,S74,0.0,203071.0,3686.43526316
657,S74,0.0,202078.0,3708.07
658,S74,0.0,202079.0,4126.90538462
659,S74,0.0,202080.0,4567.82378378
660,S74,0.0,202083.0,5010.21296296
661,S74,0.0,202084.0,5532.9612766
662,S74,0.0,203526.0,5782.48961538
663,S74,0.0,203527.0,6152.371875
664,S74,0.0,203528.0,6421.31952381
665,S74,0.0,203572.0,7189.05504425
666,S74,0.0,203531.0,7467.85407407
667,S74,0.0,203551.0,7668.3
668,S74,0.0,203532.0,7864.73
669,S74,0.0,203533.0,8268.06
670,S74,0.0,203534.0,8504.33
671,S74,0.0,203570.0,8814.16
672,S74,0.0,202089.0,9522.45
673,S74,0.0,202289.0,9871.81
674,S74,0.0,202090.0,10332.32
675,S74,0.0,202091.0,10591.52
676,S74,0.0,203118.0,10891.75
677,S74,0.0,203080.0,11198.31
678,S74,0.0,202861.0,11731.86
679,S74,0.0,202094.0,12190.95
680,S74,0.0,202095.0,12612.68
681,S74,0.0,202096.0,12812.89
682,S74,0.0,905046.0,10620.0932099
683,S74,0.0,203093.0,5775.38255725
684,S74,0.0,202099.0,7170.26298701
685,S74,0.0,202100.0,7700.465
686,S74,0.0,202101.0,8714.19076923
687,S74,0.0,200496.0,7387.95472973
688,S74,0.0,202103.0,8520.76352941
689,S74,0.0,202724.0,8090.25466667
690,S74,0.0,203113.0,8526.10173913
691,S74,0.0,202800.0,9849.84355932
692,S74,0.0,203655.0,9201.685
693,S74,0.0,202651.0,9076.92676056
694,S74,0.0,203625.0,9625.648
695,S74,0.0,203644.0,9764.38183673
696,S74,0.0,200507.0,10552.6577941
697,S74,0.0,200508.0,9896.3675
698,S74,0.0,200509.0,10389.1896429
699,S74,0.0,203672.0,10596.431
700,S74,0.0,201373.0,11263.0336986
701,S74,0.0,203012.0,12305.058
702,S74,0.0,201459.0,12004.4211842
703,S74,0.0,202121.0,10724.9546875
704,S74,0.0,202122.0,13972.804
705,S74,0.0,202123.0,11466.4285714
706,S74,0.0,202124.0,14517.1729412
707,S74,0.0,202125.0,13893.7377273
708,S74,0.0,201593.0,11858.5287097
709,S74,0.0,202581.0,13009.9477419
710,S74,0.0,201595.0,14325.155
711,S74,0.0,201596.0,13237.1481034
712,S74,0.0,201597.0,12617.72
713,S74,0.0,201598.0,14980.8651923
714,S74,0.0,201600.0,14207.3296429
715,S74,0.0,201601.0,14627.5277419
716,S74,0.0,201602.0,13322.4731579
717,S74,0.0,203057.0,14492.3733333
718,S74,0.0,201604.0,15386.11
719,S74,0.0,201605.0,14758.588125
720,S74,0.0,201606.0,14318.7516667
721,S74,0.0,203204.0,16688.9766667
722,S74,0.0,201608.0,15147.7187097
723,S74,0.0,201609.0,16299.5406122
724,S74,0.0,203638.0,16713.7812329
725,S74,0.0,201611.0,16532.2794118
726,S74,0.0,201612.0,16852.1398734
727,S74,0.0,201613.0,17532.922
728,S74,0.0,202147.0,17937.60625
729,S74,0.0,203471.0,17454.6072093
730,S74,0.0,202149.0,18872.017
731,S74,0.0,202150.0,16295.8868421
732,S74,0.0,202151.0,19151.6440323
733,S74,0.0,202152.0,17872.6810526
734,S74,0.0,202153.0,20463.2190909
735,S74,0.0,202788.0,18730.5825
736,S74,0.0,201064.0,19995.4843602
737,S74,0.0,201623.0,21395.155
738,S74,0.0,201066.0,20111.2159574
739,S74,0.0,200152.0,21563.34
740,S74,0.0,200153.0,21133.5916418
741,S74,0.0,200154.0,21612.0814286
742,S74,0.0,203650.0,22070.7762264
743,S74,0.0,805015.0,22599.2862069
744,S59,0.0,905190.0,0.0
745,S59,0.0,200967.0,540.67
746,S59,0.0,200968.0,698.82
747,S59,0.0,200969.0,857.51
748,S59,0.0,200970.0,1160.45
749,S59,0.0,200971.0,1447.96
750,S59,0.0,200972.0,1613.34
751,S59,0.0,200973.0,1940.92
752,S59,0.0,200974.0,2428.52
753,S59,0.0,203642.0,2925.27
754,S59,0.0,203647.0,3126.51
755,S59,0.0,200977.0,3610.83
756,S59,0.0,200978.0,4081.33
757,S59,0.0,200979.0,4459.64
758,S59,0.0,200980.0,4793.1
759,S59,0.0,200981.0,5057.12
760,S59,0.0,200982.0,5748.49
761,S59,0.0,905014.0,5927.33
762,S59,0.0,805140.0,6106.63
763,S59,0.0,200985.0,6697.85
764,S59,0.0,202657.0,6853.33
765,S59,0.0,200987.0,7184.56
766,S59,0.0,200988.0,7332.43
767,S59,0.0,200990.0,7670.3
768,S59,0.0,200991.0,7828.32
769,S59,0.0,200992.0,8056.53
770,S59,0.0,200993.0,8397.85
771,S59,0.0,200994.0,8672.48
772,S59,0.0,200995.0,8947.47
773,S59,0.0,200371.0,9263.54
774,S59,0.0,200372.0,9455.8
775,S59,0.0,202646.0,9766.72
776,S59,0.0,202855.0,9917.51
777,S59,0.0,200374.0,10128.38
778,S59,0.0,200375.0,10351.87
779,S59,0.0,200377.0,10678.53
780,S59,0.0,200378.0,10867.9
781,S59,0.0,200379.0,11083.37
782,S59,0.0,200380.0,11318.3
783,S59,0.0,200381.0,11472.9
784,S59,0.0,200382.0,11689.55
785,S59,0.0,200383.0,11966.65
786,S59,0.0,200384.0,12198.06
787,S59,0.0,200385.0,12391.71
788,S59,0.0,905046.0,12777.62
789,S59,0.0,203685.0,13990.32
790,S59,0.0,200387.0,14768.05
791,S59,0.0,200388.0,14925.24
792,S59,0.0,200389.0,15196.55
793,S59,0.0,203199.0,15731.52
794,S59,0.0,200391.0,16313.33
795,S59,0.0,200392.0,16873.0
796,S59,0.0,200393.0,17144.91
797,S59,0.0,200394.0,17031.6916667
798,S59,0.0,200395.0,17563.0409091
799,S59,0.0,203110.0,17230.6433333
800,S59,0.0,200397.0,17973.2516667
801,S59,0.0,202681.0,18497.01
802,S59,0.0,200399.0,18501.6409091
803,S59,0.0,200400.0,18681.1
804,S59,0.0,200401.0,18608.33625
805,S59,0.0,203772.0,19315.9204762
806,S59,0.0,203652.0,19724.5013793
807,S59,0.0,200403.0,19832.0804762
808,S59,0.0,202616.0,19050.1966667
809,S59,0.0,202839.0,20811.14
810,S59,0.0,200406.0,18853.95
811,S59,0.0,200407.0,20279.1386957
812,S59,0.0,200408.0,20206.2368966
813,S59,0.0,200409.0,20000.67
814,S59,0.0,200410.0,20462.346
815,S59,0.0,200411.0,19369.5533333
816,S59,0.0,200412.0,21587.4077778
817,S59,0.0,200413.0,19945.5346154
818,S59,0.0,200414.0,21118.644
819,S59,0.0,200902.0,22628.9352941
820,S59,0.0,200416.0,19684.4478378
821,S59,0.0,200417.0,21094.5244444
822,S59,0.0,905111.0,18480.6567578
823,S76,0.0,203896.0,0.0
824,S76,0.0,203865.0,85.45
825,S76,0.0,203556.0,213.41
826,S76,0.0,203558.0,419.63
827,S76,0.0,203635.0,675.82
828,S76,0.0,203560.0,897.08
829,S76,0.0,203561.0,1067.78
830,S76,0.0,203562.0,1386.5
831,S76,0.0,203149.0,1541.5
832,S76,0.0,203150.0,1716.42
833,S76,0.0,203151.0,1882.27
834,S76,0.0,203152.0,1999.88
835,S76,0.0,203153.0,2245.66
836,S76,0.0,203154.0,2383.01
837,S76,0.0,203691.0,2490.74
838,S76,0.0,203162.0,2690.59
839,S76,0.0,203155.0,2861.38
840,S76,0.0,202383.0,3169.32
841,S76,0.0,202384.0,3317.23
842,S76,0.0,202385.0,3473.24
843,S76,0.0,202386.0,3631.81
844,S76,0.0,202387.0,3766.29
845,S76,0.0,202388.0,4075.01
846,S76,0.0,202389.0,4281.2
847,S76,0.0,202390.0,4509.62
848,S76,0.0,203065.0,4799.19
849,S76,0.0,201378.0,5014.18
850,S76,0.0,201459.0,5168.06
851,S76,0.0,202121.0,5303.45
852,S76,0.0,202122.0,5457.76
853,S76,0.0,202123.0,5749.51
854,S76,0.0,202124.0,5908.71
855,S76,0.0,202125.0,6028.39
856,S76,0.0,201593.0,6263.58
857,S76,0.0,202581.0,6561.18
858,S76,0.0,201595.0,6780.64
859,S76,0.0,201596.0,7031.28
860,S76,0.0,201597.0,7278.93
861,S76,0.0,201598.0,7555.11
862,S76,0.0,203688.0,7832.07
863,S76,0.0,201600.0,8017.76
864,S76,0.0,201601.0,8178.75
865,S76,0.0,201602.0,8401.6
866,S76,0.0,203057.0,8565.39
867,S76,0.0,201604.0,8723.88
868,S76,0.0,201605.0,8923.51
869,S76,0.0,201606.0,9127.01
870,S76,0.0,203204.0,9291.51
871,S76,0.0,201608.0,9552.77
872,S76,0.0,201609.0,9772.36
873,S76,0.0,203638.0,9960.91
874,S76,0.0,201611.0,10259.29
875,S76,0.0,201612.0,10441.19
876,S76,0.0,201613.0,10606.0
877,S76,0.0,202147.0,10723.95
878,S76,0.0,201615.0,10927.59
879,S76,0.0,201616.0,11203.68
880,S76,0.0,201617.0,11333.51
881,S76,0.0,203410.0,11585.76
882,S76,0.0,203472.0,11907.49
883,S76,0.0,200145.0,12113.07
884,S76,0.0,200146.0,12511.12
885,S76,0.0,200147.0,12654.35
886,S76,0.0,200148.0,12819.73
887,S76,0.0,200149.0,12967.07
888,S76,0.0,203379.0,13239.81
889,S76,0.0,200151.0,13383.76
890,S76,0.0,200152.0,13678.8
891,S76,0.0,200153.0,13881.13
892,S76,0.0,200154.0,14105.66
893,S76,0.0,203650.0,14386.0
894,S76,0.0,805015.0,14745.17
944,X14,0.0,905019.0,0.0
945,X14,0.0,200316.0,271.41
946,X14,0.0,200428.0,666.87
947,X14,0.0,203884.0,972.13
948,X14,0.0,200430.0,1102.31
949,X14,0.0,203605.0,1363.17
950,X14,0.0,202647.0,1675.11
951,X14,0.0,203809.0,2093.04
952,X14,0.0,201492.0,2228.72
953,X14,0.0,201495.0,2803.17
954,X14,0.0,201497.0,3197.41
955,X14,0.0,201498.0,3413.87
956,X14,0.0,201499.0,3677.73
957,X14,0.0,201730.0,4066.68
958,X14,0.0,203616.0,4421.82
959,X14,0.0,203617.0,4732.27
960,X14,0.0,203810.0,5150.09
961,X14,0.0,203456.0,5617.83
962,X14,0.0,200646.0,5925.8
963,X14,0.0,200715.0,6147.02
964,X14,0.0,202603.0,6412.58
965,X14,0.0,202941.0,6750.2
966,X14,0.0,203052.0,7193.23
967,X14,0.0,200652.0,7538.66
968,X14,0.0,203723.0,8115.33
969,X14,0.0,203724.0,8284.29
970,X14,0.0,203343.0,9419.5
971,X14,0.0,203798.0,9599.5
972,X14,0.0,905020.0,10050.84
973,X14,0.0,805033.0,13489.08
974,X14,0.0,805035.0,15382.03
975,X14,0.0,901114.0,16594.28
976,X14,0.0,805034.0,16952.5
977,X14,0.0,805037.0,17339.21
978,X14,0.0,805039.0,20560.99
979,X14,0.0,805038.0,22611.13
980,X14,0.0,901171.0,23986.56
981,X14,0.0,903205.0,26384.94
982,X14,0.0,405043.0,26817.35
983,X14,0.0,803033.0,27116.53
984,X14,0.0,401666.0,27391.74
985,X14,0.0,903101.0,27500.54
986,X14,0.0,404850.0,27763.09
987,X14,0.0,803074.0,27964.59
988,X14,0.0,803071.0,28028.01
989,X14,0.0,901111.0,28627.22
990,X14,0.0,402143.0,33391.6
991,X14,0.0,402144.0,33667.17
992,X14,0.0,402145.0,33834.45
993,X14,0.0,905030.0,34139.41
994,X14,0.0,400186.0,34636.09
995,X14,0.0,400354.0,35229.42
996,X14,0.0,450040.0,35748.04
997,X14,0.0,404299.0,36316.23
998,X14,0.0,404300.0,36790.8
999,X14,0.0,402227.0,37045.27
1000,X14,0.0,402228.0,37192.46
1001,X14,0.0,402229.0,37509.98
1002,X14,0.0,400744.0,37776.87
1003,X14,0.0,404326.0,37994.34
1004,X14,0.0,402233.0,38307.81
1005,X14,0.0,403986.0,38600.44
1006,X14,0.0,803102.0,38801.34
1007,S79+,0.0,805189.0,0.0
1008,S79+,0.0,200454.0,862.21
1009,S79+,0.0,200455.0,1434.33
1010,S79+,0.0,203078.0,2019.6
1011,S79+,0.0,203902.0,3871.55
1012,S79+,0.0,203075.0,4952.9
1013,S79+,0.0,200470.0,5885.49
1014,S79+,0.0,200479.0,7555.05
1015,S79+,0.0,201003.0,8519.57
1016,S79+,0.0,201010.0,10069.05
1017,S79+,0.0,201012.0,10718.58
1018,S79+,0.0,203082.0,12147.68
1019,S79+,0.0,201020.0,12440.58
1020,S79+,0.0,805168.0,12942.92
1021,S79+,0.0,201028.0,14046.16
1022,S79+,0.0,203698.0,15248.8
1023,S79+,0.0,203700.0,16516.26
1024,S79+,0.0,200660.0,16993.02
1025,S79+,0.0,201052.0,18062.15
1026,S79+,0.0,203344.0,18775.26
1027,S79+,0.0,307203.0,23026.91
1028,S79+,0.0,901225.0,23867.93
1029,S91,0.0,202618.0,0.0
1030,S91,0.0,202846.0,812.84437414
1031,S91,0.0,202845.0,1091.39605263
1032,S91,0.0,202844.0,1674.13029851
1033,S91,0.0,202842.0,2200.22344828
1034,S91,0.0,202841.0,2594.7620339
1035,S91,0.0,202840.0,2954.6838
1036,S91,0.0,202990.0,3248.67111111
1037,S91,0.0,203133.0,3661.73074074
1038,S91,0.0,203557.0,3881.31616438
1039,S91,0.0,202697.0,4096.12863014
1040,S91,0.0,203359.0,4327.87758621
1041,S91,0.0,202699.0,4736.00588889
1042,S91,0.0,202700.0,4882.69727273
1043,S91,0.0,202937.0,5527.750625
1044,S91,0.0,202702.0,6170.67952381
1045,S91,0.0,202703.0,6472.67586207
1046,S91,0.0,202704.0,6669.27818182
1047,S91,0.0,202705.0,6996.61820896
1048,S91,0.0,203026.0,7266.99574468
1049,S91,0.0,202707.0,7425.12459016
1050,S91,0.0,202708.0,7647.35322581
1051,S91,0.0,201476.0,7952.30988235
1052,S91,0.0,201477.0,8122.04428571
1053,S91,0.0,203538.0,8453.02130435
1054,S91,0.0,203406.0,8678.78638298
1055,S91,0.0,201480.0,8879.33545455
1056,S91,0.0,200534.0,9106.07770492
1057,S91,0.0,200537.0,9739.56478261
1058,S91,0.0,200544.0,11397.8136937
1059,S91,0.0,200549.0,12920.5591943
1060,S91,0.0,200550.0,13371.3916
1061,S91,0.0,200284.0,14667.3085455
1062,S91,0.0,905002.0,14844.49
1063,S91,0.0,203650.0,15340.57
1064,S91,0.0,805020.0,15706.58
1065,S93,0.0,805166.0,0.0
1066,S93,0.0,203368.0,1432.56
1067,S93,0.0,201959.0,1765.7
1068,S93,0.0,201960.0,1890.64
1069,S93,0.0,201961.0,2045.48
1070,S93,0.0,201962.0,2209.95
1071,S93,0.0,203474.0,2376.54
1072,S93,0.0,201964.0,2626.02
1073,S93,0.0,201965.0,2776.81
1074,S93,0.0,202663.0,2983.09
1075,S93,0.0,202977.0,3343.68
1076,S93,0.0,200534.0,3481.56
1077,S93,0.0,200537.0,4126.06
1078,S93,0.0,203554.0,5863.06
1079,S93,0.0,203723.0,7241.49
1080,S93,0.0,203724.0,7410.45
1081,S93,0.0,203343.0,8545.65
1082,S93,0.0,203344.0,9187.58
1083,S93,0.0,307203.0,13439.23
1084,S93,0.0,307501.0,14018.47
1085,S93,0.0,301707.0,14185.09
1086,S93,0.0,905142.0,14489.94
1087,S92,0.0,203175.0,0.0
1088,S92,0.0,202524.0,134.03
1089,S92,0.0,201933.0,346.81
1090,S92,0.0,201934.0,773.85
1091,S92,0.0,203417.0,1015.84
1092,S92,0.0,201936.0,1184.84
1093,S92,0.0,202669.0,1509.88
1094,S92,0.0,203088.0,1686.67
1095,S92,0.0,201940.0,1900.06
1096,S92,0.0,203206.0,2069.63
1097,S92,0.0,201942.0,2277.99
1098,S92,0.0,201943.0,2471.49
1099,S92,0.0,202588.0,2688.74
1100,S92,0.0,201944.0,2915.11
1101,S92,0.0,202589.0,3163.18
1102,S92,0.0,201946.0,3431.87
1103,S92,0.0,201947.0,3655.06
1104,S92,0.0,202590.0,3888.93
1105,S92,0.0,201948.0,4021.09
1106,S92,0.0,201949.0,4207.34
1107,S92,0.0,201950.0,4400.93
1108,S92,0.0,201951.0,4668.37
1109,S92,0.0,203368.0,4829.4
1110,S92,0.0,201959.0,5162.53
1111,S92,0.0,201960.0,5287.47
1112,S92,0.0,201961.0,5442.31
1113,S92,0.0,201962.0,5606.78
1114,S92,0.0,203474.0,5773.37
1115,S92,0.0,201964.0,6022.85
1116,S92,0.0,201965.0,6173.64
1117,S92,0.0,202663.0,6379.92
1118,S92,0.0,200534.0,6878.4
1119,S92,0.0,200537.0,7522.89
1120,S92,0.0,200544.0,9179.86
1121,S92,0.0,200549.0,10712.95
1122,S92,0.0,200550.0,11163.09
1123,S92,0.0,200284.0,12469.27
1124,S92,0.0,905002.0,12649.47
1125,S92,0.0,203650.0,13145.55
1126,S92,0.0,805014.0,13553.22
1127,X8,0.0,202097.0,0.0
1128,X8,0.0,203093.0,462.84
1129,X8,0.0,203872.0,948.12
1130,X8,0.0,203600.0,1354.55
1131,X8,0.0,203601.0,1770.56
1132,X8,0.0,200358.0,2064.51
1133,X8,0.0,203602.0,2538.19
1134,X8,0.0,200361.0,2943.37
1135,X8,0.0,200363.0,3549.71
1136,X8,0.0,201003.0,3952.09
1137,X8,0.0,201005.0,4384.04
1138,X8,0.0,201007.0,4773.62
1139,X8,0.0,201008.0,5039.16
1140,X8,0.0,201011.0,5656.61
1141,X8,0.0,201012.0,6151.1
1142,X8,0.0,201014.0,6481.79
1143,X8,0.0,201016.0,7011.15
1144,X8,0.0,250054.0,7660.07
1145,X8,0.0,805168.0,8375.44
1146,X8,0.0,201630.0,9285.34
1147,X8,0.0,200097.0,10105.6
1148,X8,0.0,200099.0,10350.45
1149,X8,0.0,201680.0,10719.05
1150,X8,0.0,200102.0,11068.42
1151,X8,0.0,200104.0,11474.78
1152,X8,0.0,203236.0,12184.09
1153,X8,0.0,203104.0,12697.81
1154,X8,0.0,200115.0,13737.66
1155,X8,0.0,200165.0,14360.85
1156,X8,0.0,200132.0,14892.62
1157,X8,0.0,805033.0,18240.29
1158,X8,0.0,805035.0,20133.25
1159,X8,0.0,901114.0,21345.49
1160,X8,0.0,805034.0,21703.71
1161,X8,0.0,805037.0,22090.43
1162,X8,0.0,805039.0,25312.21
1163,X8,0.0,805038.0,27362.35
1164,X8,0.0,901171.0,28737.78
1165,X8,0.0,803042.0,30697.82
1166,X8,0.0,903115.0,31162.96
1167,X8,0.0,405043.0,31568.57
1168,X8,0.0,803033.0,31867.74
1169,X8,0.0,401666.0,32142.96
1170,X8,0.0,903101.0,32251.76
1171,X8,0.0,404850.0,32514.31
1172,X8,0.0,803074.0,32715.81
1173,X8,0.0,803071.0,32779.14
1174,X9,0.0,202501.0,0.0
1175,X9,0.0,202503.0,305.98
1176,X9,0.0,250054.0,941.19
1177,X9,0.0,201020.0,1154.22
1178,X9,0.0,201022.0,1745.37
1179,X9,0.0,201026.0,2278.68
1180,X9,0.0,201630.0,2566.46
1181,X9,0.0,201028.0,2759.8
1182,X9,0.0,201031.0,3245.13
1183,X9,0.0,201032.0,3538.0
1184,X9,0.0,201033.0,3656.85
1185,X9,0.0,201034.0,3863.63
1186,X9,0.0,201036.0,4190.28
1187,X9,0.0,201038.0,4591.65
1188,X9,0.0,203700.0,5229.9
1189,X9,0.0,203701.0,5744.65
1190,X9,0.0,203341.0,6000.0
1191,X9,0.0,203342.0,6263.41
1192,X9,0.0,201052.0,6775.79
1193,X9,0.0,203344.0,7488.9
1194,X9,0.0,805033.0,10916.55
1195,X9,0.0,805035.0,12809.51
1196,X9,0.0,901114.0,14021.75
1197,X9,0.0,805034.0,14379.97
1198,X9,0.0,805037.0,14766.68
1199,X9,0.0,805039.0,17988.47
1200,X9,0.0,805038.0,20038.61
1201,X9,0.0,901171.0,21414.04
1202,X9,0.0,405017.0,23563.77
1203,X9,0.0,405031.0,24041.07
1204,X9,0.0,400732.0,28680.6
1205,X9,0.0,400933.0,29107.38
1206,X9,0.0,400936.0,29768.8
1207,X9,0.0,403132.0,30361.43
1208,X9,0.0,405046.0,30642.63
1209,X9,0.0,404992.0,30949.89
1210,X9,0.0,903036.0,31164.99
1211,S96,0.0,203386.0,0.0
1212,S96,0.0,203574.0,594.1
1213,S96,0.0,905156.0,1462.66
1214,S96,0.0,905155.0,1799.28
1215,S96,0.0,905157.0,2190.11
1216,S96,0.0,203387.0,1449.8895122
1217,S96,0.0,203853.0,1881.65727273
1218,S96,0.0,203830.0,2245.62586207
1219,S96,0.0,203575.0,2592.908125
1220,S96,0.0,203388.0,3313.80296875
1221,S96,0.0,203389.0,3554.80527273
1222,S96,0.0,202536.0,4034.16257732
1223,S96,0.0,202537.0,4352.96607143
1224,S96,0.0,200244.0,4575.52942857
1225,S96,0.0,200245.0,4834.71461538
1226,S96,0.0,200246.0,5293.1471875
1227,S96,0.0,200247.0,5480.98360656
1228,S96,0.0,200248.0,5608.168
1229,S96,0.0,200249.0,5789.31058824
1230,S96,0.0,200250.0,5996.57372093
1231,S96,0.0,200251.0,6402.79826087
1232,S96,0.0,200252.0,6592.24615385
1233,S96,0.0,202522.0,6801.4487234
1234,S96,0.0,200254.0,6959.65232558
1235,S96,0.0,200255.0,7284.98
1236,S96,0.0,200256.0,7379.89217391
1237,S96,0.0,200257.0,7588.445
1238,S96,0.0,203687.0,7717.8
1239,S96,0.0,200260.0,7900.45
1240,S96,0.0,200261.0,8467.70535714
1241,S96,0.0,203032.0,8817.585
1242,S96,0.0,200266.0,9508.28559055
1243,S96,0.0,805043.0,9964.60322034
1244,S96,0.0,200271.0,10435.0747826
1245,S96,0.0,200275.0,11140.37
1246,S96,0.0,905002.0,13343.66
1247,S96,0.0,200154.0,13559.41
1248,S96,0.0,203650.0,13839.74
1249,S96,0.0,805015.0,14198.91
1250,S94,0.0,200457.0,0.0
1251,S94,0.0,202618.0,165.82
1252,S94,0.0,202845.0,1137.26
1253,S94,0.0,203199.0,1745.51
1254,S94,0.0,200391.0,2327.32
1255,S94,0.0,200392.0,2886.99
1256,S94,0.0,200393.0,3158.9
1257,S94,0.0,200394.0,3431.67
1258,S94,0.0,200395.0,3787.57
1259,S94,0.0,203110.0,4016.62
1260,S94,0.0,200397.0,4373.23
1261,S94,0.0,202681.0,4511.0
1262,S94,0.0,200399.0,4796.35
1263,S94,0.0,200400.0,5136.22
1264,S94,0.0,200401.0,5490.8
1265,S94,0.0,203772.0,5771.04
1266,S94,0.0,203652.0,6057.93
1267,S94,0.0,200403.0,6287.2
1268,S94,0.0,202616.0,6608.14
1269,S94,0.0,202839.0,6825.13
1270,S94,0.0,200406.0,7183.87
1271,S94,0.0,200820.0,7480.54
1272,S94,0.0,200821.0,7773.25
1273,S94,0.0,200822.0,7986.95
1274,S94,0.0,200823.0,8149.05
1275,S94,0.0,202683.0,8404.6
1276,S94,0.0,203363.0,8701.87
1277,S94,0.0,200412.0,8846.73
1278,S94,0.0,200413.0,9025.92
1279,S94,0.0,200414.0,9201.4
1280,S94,0.0,202784.0,9367.68
1281,S94,0.0,200836.0,9668.93
1282,S94,0.0,200837.0,9894.26
1283,S94,0.0,200839.0,10385.48
1284,S94,0.0,200843.0,11129.89
1285,S94,0.0,200847.0,11974.99
1286,S94,0.0,200850.0,12433.16
1287,S94,0.0,200855.0,13533.15
1288,S94,0.0,200047.0,16062.1
1289,S94,0.0,805016.0,16587.29
1290,X2,0.0,202501.0,0.0
1291,X2,0.0,202503.0,305.98
1292,X2,0.0,250054.0,941.19
1293,X2,0.0,201020.0,1154.22
1294,X2,0.0,201022.0,1745.37
1295,X2,0.0,201026.0,2278.68
1296,X2,0.0,201630.0,2566.46
1297,X2,0.0,201028.0,2759.8
1298,X2,0.0,201031.0,3245.13
1299,X2,0.0,201032.0,3538.0
1300,X2,0.0,201033.0,3656.85
1301,X2,0.0,201034.0,3863.63
1302,X2,0.0,201036.0,4190.28
1303,X2,0.0,201038.0,4591.65
1304,X2,0.0,203700.0,5229.9
1305,X2,0.0,203701.0,5744.65
1306,X2,0.0,203341.0,6000.0
1307,X2,0.0,203342.0,6263.41
1308,X2,0.0,201052.0,6775.79
1309,X2,0.0,203798.0,7026.97
1310,X2,0.0,203344.0,7488.9
1311,X2,0.0,901108.0,14021.3
1312,X2,0.0,901112.0,23749.88
1313,X2,0.0,901111.0,25941.85
1314,X2,0.0,402143.0,30706.22
1315,X2,0.0,402145.0,31149.07
1316,X2,0.0,404943.0,31490.23
1317,X2,0.0,905067.0,31617.38
1318,X2,0.0,400186.0,31950.71
1319,X2,0.0,400354.0,32544.05
1320,X2,0.0,450040.0,33062.66
1321,X2,0.0,400359.0,33583.41
1322,X2,0.0,400022.0,33977.15
1323,X2,0.0,400023.0,34217.6
1324,X2,0.0,402214.0,34664.27
1325,X2,0.0,402215.0,34850.55
1326,X3,0.0,202501.0,0.0
1327,X3,0.0,202503.0,305.98
1328,X3,0.0,250054.0,941.19
1329,X3,0.0,201020.0,1154.22
1330,X3,0.0,805168.0,1656.56
1331,X3,0.0,201026.0,2278.68
1332,X3,0.0,201630.0,2566.46
1333,X3,0.0,201028.0,2759.8
1334,X3,0.0,201031.0,3245.13
1335,X3,0.0,201032.0,3538.0
1336,X3,0.0,201033.0,3656.85
1337,X3,0.0,201034.0,3863.63
1338,X3,0.0,201036.0,4190.28
1339,X3,0.0,201038.0,4591.65
1340,X3,0.0,203700.0,5229.9
1341,X3,0.0,203701.0,5744.65
1342,X3,0.0,203341.0,6000.0
1343,X3,0.0,203342.0,6263.41
1344,X3,0.0,201052.0,6775.79
1345,X3,0.0,203798.0,7026.97
1346,X3,0.0,203344.0,7488.9
1347,X3,0.0,805033.0,10916.55
1348,X3,0.0,805035.0,12809.51
1349,X3,0.0,901114.0,14021.75
1350,X3,0.0,805034.0,14379.97
1351,X3,0.0,805037.0,14766.68
1352,X3,0.0,805039.0,17988.47
1353,X3,0.0,805038.0,20038.61
1354,X3,0.0,901171.0,21414.04
1355,X3,0.0,404887.0,23859.21
1356,X3,0.0,400070.0,24249.36
1357,X3,0.0,404226.0,24524.0
1358,X3,0.0,450402.0,24710.8
1359,X3,0.0,404890.0,24928.79
1360,X3,0.0,404966.0,25714.06
1361,X22,0.0,201193.0,0.0
1362,X22,0.0,201195.0,449.69
1363,X22,0.0,202605.0,800.52
1364,X22,0.0,203390.0,1034.29
1365,X22,0.0,201198.0,1228.34
1366,X22,0.0,203483.0,1629.22
1367,X22,0.0,203485.0,2142.84
1368,X22,0.0,250048.0,2638.75
1369,X22,0.0,250049.0,3069.42
1370,X22,0.0,250050.0,3404.49
1371,X22,0.0,250068.0,4070.04
1372,X22,0.0,250051.0,4698.83
1373,X22,0.0,250062.0,5718.58
1374,X22,0.0,250038.0,6484.22
1375,X22,0.0,203919.0,6684.78823529
1376,X22,0.0,250039.0,7333.17142857
1377,X22,0.0,203837.0,8011.34227545
1378,X22,0.0,203572.0,8334.85625
1379,X22,0.0,203531.0,8614.424
1380,X22,0.0,203551.0,8982.55303797
1381,X22,0.0,203532.0,9072.965
1382,X22,0.0,203533.0,9414.90159091
1383,X22,0.0,203534.0,9826.50421687
1384,X22,0.0,203570.0,9752.22
1385,X22,0.0,202089.0,10483.3416901
1386,X22,0.0,905086.0,10804.347551
1387,X22,0.0,250058.0,14949.6274081
1388,X22,0.0,905160.0,22299.9531579
1389,X22,0.0,905088.0,51510.3707758
1390,X22,0.0,401819.0,52438.55
1391,X22,0.0,404280.0,52802.93
1392,X22,0.0,401821.0,53464.7645455
1393,X22,0.0,401822.0,53409.6144776
1394,X22,0.0,400354.0,53741.6363158
1395,X22,0.0,403458.0,53831.9133333
1396,X22,0.0,400359.0,54652.4104348
1397,X22,0.0,400022.0,54774.9585714
1398,X22,0.0,400023.0,55224.9781967
1399,X22,0.0,402215.0,55825.5765217
1400,X7,0.0,202097.0,0.0
1401,X7,0.0,203093.0,462.84
1402,X7,0.0,203872.0,948.12
1403,X7,0.0,203600.0,1354.55
1404,X7,0.0,203601.0,1770.56
1405,X7,0.0,200358.0,2064.51
1406,X7,0.0,203602.0,2538.19
1407,X7,0.0,200361.0,2943.37
1408,X7,0.0,200363.0,3549.71
1409,X7,0.0,201003.0,3952.09
1410,X7,0.0,201005.0,4384.04
1411,X7,0.0,201007.0,4773.62
1412,X7,0.0,201008.0,5039.16
1413,X7,0.0,201011.0,5656.61
1414,X7,0.0,201012.0,6151.1
1415,X7,0.0,201014.0,6481.79
1416,X7,0.0,201016.0,7011.15
1417,X7,0.0,250054.0,7660.07
1418,X7,0.0,201630.0,9285.34
1419,X7,0.0,200097.0,10105.6
1420,X7,0.0,200099.0,10350.45
1421,X7,0.0,201680.0,10719.05
1422,X7,0.0,200102.0,11068.42
1423,X7,0.0,200104.0,11474.78
1424,X7,0.0,203104.0,12697.81
1425,X7,0.0,200115.0,13737.66
1426,X7,0.0,200165.0,14360.85
1427,X7,0.0,200132.0,14892.62
1428,X7,0.0,901114.0,21344.72
1429,X7,0.0,405017.0,34477.58
1430,X7,0.0,405031.0,34954.88
1431,X7,0.0,905090.0,36370.64
1432,X7,0.0,400929.0,39144.17
1433,X7,0.0,400732.0,39594.41
1434,X7,0.0,400933.0,40021.2
1435,X7,0.0,903037.0,40579.72
1436,X7,0.0,403132.0,41275.24
1437,X7,0.0,403133.0,41434.71
1438,X7,0.0,903036.0,42078.8
1439,X4,0.0,202097.0,0.0
1440,X4,0.0,200462.0,551.51
1441,X4,0.0,203075.0,1072.62
1442,X4,0.0,200466.0,1277.78
1443,X4,0.0,200467.0,1433.58
1444,X4,0.0,200470.0,2005.21
1445,X4,0.0,200472.0,2404.75
1446,X4,0.0,200474.0,2838.05
1447,X4,0.0,200476.0,3292.47
1448,X4,0.0,200479.0,3674.77
1449,X4,0.0,203399.0,3967.21
1450,X4,0.0,203361.0,4280.78
1451,X4,0.0,201003.0,4639.29
1452,X4,0.0,201005.0,5071.24
1453,X4,0.0,201007.0,5460.82
1454,X4,0.0,201008.0,5726.36
1455,X4,0.0,201011.0,6343.81
1456,X4,0.0,201012.0,6838.3
1457,X4,0.0,201014.0,7168.99
1458,X4,0.0,201016.0,7698.35
1459,X4,0.0,250054.0,8347.27
1460,X4,0.0,201630.0,9972.54
1461,X4,0.0,200097.0,10792.81
1462,X4,0.0,200099.0,11037.65
1463,X4,0.0,201680.0,11406.26
1464,X4,0.0,200102.0,11755.62
1465,X4,0.0,200104.0,12161.98
1466,X4,0.0,203236.0,12871.29
1467,X4,0.0,203104.0,13385.01
1468,X4,0.0,200115.0,14424.86
1469,X4,0.0,200165.0,15048.05
1470,X4,0.0,200132.0,15579.82
1471,X4,0.0,901115.0,22028.61
1472,X4,0.0,803042.0,31375.97
1473,X4,0.0,404887.0,31861.1
1474,X4,0.0,400070.0,32251.24
1475,X4,0.0,450402.0,32712.68
1476,X4,0.0,404890.0,32930.68
1477,X4,0.0,404966.0,33715.95
1478,X5,0.0,202097.0,0.0
1479,X5,0.0,200462.0,551.51
1480,X5,0.0,203075.0,1072.62
1481,X5,0.0,200466.0,1277.78
1482,X5,0.0,200467.0,1433.58
1483,X5,0.0,200470.0,2005.21
1484,X5,0.0,200472.0,2404.75
1485,X5,0.0,200474.0,2838.05
1486,X5,0.0,200476.0,3292.47
1487,X5,0.0,200479.0,3674.77
1488,X5,0.0,203399.0,3967.21
1489,X5,0.0,203361.0,4280.78
1490,X5,0.0,201003.0,4639.29
1491,X5,0.0,201005.0,5071.24
1492,X5,0.0,201007.0,5460.82
1493,X5,0.0,201008.0,5726.36
1494,X5,0.0,201011.0,6343.81
1495,X5,0.0,201012.0,6838.3
1496,X5,0.0,201014.0,7168.99
1497,X5,0.0,201016.0,7698.35
1498,X5,0.0,250054.0,8347.27
1499,X5,0.0,201630.0,9972.54
1500,X5,0.0,200097.0,10792.81
1501,X5,0.0,200099.0,11037.65
1502,X5,0.0,201680.0,11406.26
1503,X5,0.0,200102.0,11755.62
1504,X5,0.0,200104.0,12161.98
1505,X5,0.0,203236.0,12871.29
1506,X5,0.0,203104.0,13385.01
1507,X5,0.0,200115.0,14424.86
1508,X5,0.0,200165.0,15048.05
1509,X5,0.0,200132.0,15579.82
1510,X5,0.0,805033.0,18927.49
1511,X5,0.0,805035.0,20820.45
1512,X5,0.0,901114.0,22032.69
1513,X5,0.0,805034.0,22390.91
1514,X5,0.0,805037.0,22777.63
1515,X5,0.0,805039.0,25999.41
1516,X5,0.0,805038.0,28049.55
1517,X5,0.0,901171.0,29424.98
1518,X5,0.0,901112.0,31761.11
1519,X5,0.0,901111.0,33953.07
1520,X5,0.0,402143.0,38717.45
1521,X5,0.0,402145.0,39160.3
1522,X5,0.0,905068.0,39648.78
1523,X5,0.0,400186.0,39961.94
1524,X5,0.0,400354.0,40555.27
1525,X5,0.0,450040.0,41073.89
1526,X5,0.0,400359.0,41594.64
1527,X5,0.0,400022.0,41988.37
1528,X5,0.0,400023.0,42228.83
1529,X5,0.0,402214.0,42675.5
1530,X5,0.0,402215.0,42861.78
1531,X30,0.0,200544.0,0.0
1532,X30,0.0,200545.0,202.42
1533,X30,0.0,202692.0,674.06
1534,X30,0.0,200548.0,1217.67
1535,X30,0.0,200549.0,1533.09
1536,X30,0.0,201542.0,2042.04
1537,X30,0.0,202936.0,2675.69
1538,X30,0.0,201546.0,3033.56
1539,X30,0.0,201548.0,3419.5
1540,X30,0.0,201552.0,4326.33
1541,X30,0.0,201554.0,4790.11
1542,X30,0.0,201557.0,5402.97
1543,X30,0.0,201558.0,5737.11
1544,X30,0.0,201560.0,6098.36
1545,X30,0.0,201562.0,6587.29
1546,X30,0.0,200434.0,7254.97
1547,X30,0.0,201568.0,7871.85
1548,X30,0.0,201570.0,8274.7
1549,X30,0.0,201571.0,8523.46
1550,X30,0.0,203381.0,8774.44
1551,X30,0.0,203382.0,9189.21
1552,X30,0.0,203928.0,9451.88
1553,X30,0.0,805117.0,11245.3
1554,X30,0.0,805118.0,42856.12
1555,X30,0.0,403238.0,43344.29
1556,X30,0.0,403239.0,43537.91
1557,X30,0.0,403241.0,43974.81
1558,X30,0.0,403242.0,44139.26
1559,X30,0.0,403465.0,44417.91
1560,X30,0.0,400018.0,44628.72
1561,X30,0.0,400359.0,45029.63
1562,X30,0.0,400022.0,45423.36
1563,X30,0.0,402227.0,45806.11
1564,X30,0.0,402228.0,45953.3
1565,X30,0.0,402229.0,46270.82
1566,X30,0.0,400744.0,46537.71
1567,X30,0.0,404326.0,46755.18
1568,X30,0.0,402233.0,47068.64
1569,X30,0.0,403986.0,47361.28
1570,X30,0.0,905057.0,47637.29
1571,X31,0.0,203903.0,0.0
1572,X31,0.0,203685.0,1294.13
1573,X31,0.0,202845.0,1886.06
1574,X31,0.0,202842.0,2925.56
1575,X31,0.0,202841.0,3317.22
1576,X31,0.0,202840.0,3672.34
1577,X31,0.0,202990.0,3976.35
1578,X31,0.0,203133.0,4387.36
1579,X31,0.0,203557.0,4627.1
1580,X31,0.0,203359.0,5079.93
1581,X31,0.0,202699.0,5488.89
1582,X31,0.0,202700.0,5646.98
1583,X31,0.0,202937.0,6278.67
1584,X31,0.0,202703.0,7250.5
1585,X31,0.0,202705.0,7779.26
1586,X31,0.0,202707.0,8216.5
1587,X31,0.0,201476.0,8741.55
1588,X31,0.0,203611.0,9201.91
1589,X31,0.0,805033.0,18154.32
1590,X31,0.0,805035.0,20047.28
1591,X31,0.0,901114.0,21259.52
1592,X31,0.0,805034.0,21617.74
1593,X31,0.0,805037.0,22004.45
1594,X31,0.0,805039.0,25226.24
1595,X31,0.0,805038.0,27276.38
1596,X31,0.0,901171.0,28651.81
1597,X31,0.0,905088.0,36261.22
1598,X31,0.0,401819.0,36675.59
1599,X31,0.0,404280.0,36946.98
1600,X31,0.0,401821.0,37222.26
1601,X31,0.0,401822.0,37552.76
1602,X31,0.0,400354.0,37742.16
1603,X31,0.0,403458.0,38211.63
1604,X31,0.0,400359.0,38781.53
1605,X31,0.0,400022.0,39175.26
1606,X31,0.0,403620.0,39555.87
1607,X31,0.0,402212.0,39713.13
1608,X31,0.0,402215.0,40048.67
1663,S44,0.0,200457.0,0.0
1664,S44,0.0,202618.0,165.82
1665,S44,0.0,202845.0,1137.26
1666,S44,0.0,203199.0,1745.51
1667,S44,0.0,200391.0,2327.32
1668,S44,0.0,200392.0,2886.99
1669,S44,0.0,200393.0,3158.9
1670,S44,0.0,200394.0,3431.67
1671,S44,0.0,200395.0,3787.57
1672,S44,0.0,203110.0,4016.62
1673,S44,0.0,200397.0,4373.23
1674,S44,0.0,202681.0,4511.0
1675,S44,0.0,200399.0,4796.35
1676,S44,0.0,200400.0,5136.22
1677,S44,0.0,200401.0,5490.8
1678,S44,0.0,203772.0,5771.04
1679,S44,0.0,203652.0,6057.93
1680,S44,0.0,200403.0,6287.2
1681,S44,0.0,202616.0,6608.14
1682,S44,0.0,202839.0,6825.13
1683,S44,0.0,200406.0,7183.87
1684,S44,0.0,200820.0,7480.54
1685,S44,0.0,200821.0,7773.25
1686,S44,0.0,200822.0,7986.95
1687,S44,0.0,200823.0,8149.05
1688,S44,0.0,202683.0,8404.6
1689,S44,0.0,203363.0,8701.87
1690,S44,0.0,200412.0,8846.73
1691,S44,0.0,200413.0,9025.92
1692,S44,0.0,200414.0,9201.4
1693,S44,0.0,202784.0,9367.68
1694,S44,0.0,200836.0,9668.93
1695,S44,0.0,200837.0,9894.26
1696,S44,0.0,200838.0,10155.08
1697,S44,0.0,200839.0,10385.49
1698,S44,0.0,200840.0,10571.48
1699,S44,0.0,200841.0,10779.46
1700,S44,0.0,200842.0,10887.04
1701,S44,0.0,200843.0,11129.89
1702,S44,0.0,200844.0,11301.92
1703,S44,0.0,200845.0,11503.28
1704,S44,0.0,200846.0,11663.43
1705,S44,0.0,200847.0,11974.99
1706,S44,0.0,200848.0,12134.9
1707,S44,0.0,200850.0,12433.16
1708,S44,0.0,203408.0,12689.36
1709,S44,0.0,200853.0,12974.77
1710,S44,0.0,203364.0,13335.29
1711,S44,0.0,200855.0,13533.16
1712,S44,0.0,200856.0,13680.41
1713,S44,0.0,200857.0,13840.15
1714,S44,0.0,200858.0,13990.52
1715,S44,0.0,200040.0,14294.58
1716,S44,0.0,200041.0,14702.28
1717,S44,0.0,200042.0,14868.88
1718,S44,0.0,200043.0,15127.65
1719,S44,0.0,200044.0,15402.29
1720,S44,0.0,200045.0,15677.82
1721,S44,0.0,200046.0,15947.13
1722,S44,0.0,200047.0,16062.1
1723,S44,0.0,805016.0,16587.29
1724,X17A,0.0,203814.0,0.0
1725,X17A,0.0,203598.0,344.76
1726,X17A,0.0,202918.0,626.67
1727,X17A,0.0,202095.0,913.61
1728,X17A,0.0,203903.0,1604.71
1729,X17A,0.0,203685.0,2882.49
1730,X17A,0.0,202845.0,3474.42
1731,X17A,0.0,202842.0,4513.92
1732,X17A,0.0,202841.0,4905.58
1733,X17A,0.0,202840.0,5260.7
1734,X17A,0.0,202990.0,5564.71
1735,X17A,0.0,203594.0,5694.74
1736,X17A,0.0,200392.0,6111.6
1737,X17A,0.0,200393.0,6383.51
1738,X17A,0.0,200394.0,6656.28
1739,X17A,0.0,200395.0,7012.18
1740,X17A,0.0,203110.0,7241.22
1741,X17A,0.0,202681.0,7735.61
1742,X17A,0.0,200399.0,8020.95
1743,X17A,0.0,200400.0,8360.82
1744,X17A,0.0,200401.0,8715.41
1745,X17A,0.0,203772.0,8995.65
1746,X17A,0.0,203815.0,9256.04
1747,X17A,0.0,805033.0,21187.07
1748,X17A,0.0,805035.0,23080.03
1749,X17A,0.0,901114.0,24292.27
1750,X17A,0.0,805034.0,24650.49
1751,X17A,0.0,805037.0,25037.21
1752,X17A,0.0,805039.0,28258.99
1753,X17A,0.0,805038.0,30309.13
1754,X17A,0.0,901171.0,31684.56
1755,X17A,0.0,404887.0,34129.73
1756,X17A,0.0,400070.0,34519.88
1757,X17A,0.0,400071.0,34770.28
1758,X17A,0.0,903015.0,35162.35
1759,X17A,0.0,404891.0,35410.12
1760,X17A,0.0,803072.0,35787.27
1865,S42,0.0,200746.0,0.0
1866,S42,0.0,200747.0,197.89
1867,S42,0.0,200748.0,299.64
1868,S42,0.0,200749.0,447.1
1869,S42,0.0,200750.0,745.05
1870,S42,0.0,200751.0,908.79
1871,S42,0.0,200752.0,1185.53
1872,S42,0.0,200753.0,1490.82
1873,S42,0.0,200754.0,1754.89
1874,S42,0.0,200755.0,1904.77
1875,S42,0.0,200756.0,2010.61
1876,S42,0.0,200757.0,2286.57
1877,S42,0.0,200758.0,2538.06
1878,S42,0.0,202608.0,2748.49
1879,S42,0.0,200760.0,2921.94
1880,S42,0.0,200761.0,3051.31
1881,S42,0.0,200762.0,3289.48
1882,S42,0.0,200763.0,3401.33
1883,S42,0.0,200764.0,3566.73
1884,S42,0.0,200765.0,3908.57
1885,S42,0.0,203650.0,4202.43
1886,S42,0.0,805014.0,4610.1
1887,S66,0.0,202741.0,0.0
1888,S66,0.0,200426.0,296.45
1889,S66,0.0,200427.0,588.32
1890,S66,0.0,200259.0,835.78
1891,S66,0.0,200261.0,1142.12
1892,S66,0.0,200524.0,1458.52
1893,S66,0.0,200525.0,1686.65
1894,S66,0.0,200526.0,1994.44
1895,S66,0.0,200527.0,2207.08
1896,S66,0.0,200528.0,2401.21
1897,S66,0.0,200529.0,2641.36
1898,S66,0.0,200530.0,2921.28
1899,S66,0.0,200531.0,3101.62
1900,S66,0.0,200532.0,3219.29
1901,S66,0.0,200533.0,3505.76
1902,S66,0.0,200534.0,3627.73
1903,S66,0.0,200535.0,3906.78
1904,S66,0.0,200536.0,4080.42
1905,S66,0.0,200537.0,4272.23
1906,S66,0.0,200538.0,4554.5
1907,S66,0.0,200539.0,4766.44
1908,S66,0.0,200540.0,5058.6
1909,S66,0.0,200541.0,5225.23
1910,S66,0.0,200542.0,5529.53
1911,S66,0.0,200543.0,5797.91
1912,S66,0.0,200544.0,5929.19
1913,S66,0.0,202941.0,6413.1
1914,S66,0.0,200612.0,5756.01068966
1915,S66,0.0,202787.0,5631.34185185
1916,S66,0.0,203052.0,6636.53037037
1917,S66,0.0,200614.0,5367.27027027
1918,S66,0.0,203461.0,7080.94066667
1919,S66,0.0,200616.0,7300.831875
1920,S66,0.0,203462.0,7205.44391304
1921,S66,0.0,200618.0,7785.8625
1922,S66,0.0,200619.0,8191.1
1923,S66,0.0,905007.0,8283.8025
1924,S66,0.0,200546.0,8950.14571429
1925,S66,0.0,202692.0,9110.35821429
1926,S66,0.0,202615.0,9449.97
1927,S66,0.0,200548.0,9683.03857143
1928,S66,0.0,200549.0,10024.2802222
1929,S66,0.0,200550.0,10245.7458824
1930,S66,0.0,200551.0,10473.9885714
1931,S66,0.0,200552.0,10981.6607692
1932,S66,0.0,200553.0,11099.9395122
1933,S66,0.0,203972.0,11641.17
1934,S66,0.0,200284.0,11871.02
1935,S66,0.0,905002.0,12051.21
1936,S66,0.0,200154.0,12266.97
1937,S66,0.0,203650.0,12547.3
1938,S66,0.0,202693.0,12903.0
1939,X11,0.0,203067.0,0.0
1940,X11,0.0,201933.0,374.17
1941,X11,0.0,201934.0,801.21
1942,X11,0.0,203417.0,1043.2
1943,X11,0.0,202669.0,1537.25
1944,X11,0.0,201940.0,1927.43
1945,X11,0.0,201942.0,2305.36
1946,X11,0.0,201944.0,2942.47
1947,X11,0.0,202589.0,3190.54
1948,X11,0.0,201947.0,3682.42
1949,X11,0.0,201948.0,4048.46
1950,X11,0.0,201950.0,4428.29
1951,X11,0.0,201951.0,4695.73
1952,X11,0.0,203604.0,4970.83
1953,X11,0.0,203608.0,5307.9
1954,X11,0.0,203609.0,5866.32
1955,X11,0.0,203610.0,6179.5
1956,X11,0.0,203611.0,6606.06
1957,X11,0.0,203612.0,7018.46
1958,X11,0.0,203613.0,7613.32
1959,X11,0.0,203614.0,7950.37
1960,X11,0.0,901108.0,18964.02
1961,X11,0.0,404887.0,28801.94
1962,X11,0.0,400070.0,29192.09
1963,X11,0.0,450402.0,29653.53
1964,X11,0.0,404890.0,29871.53
1965,X11,0.0,404891.0,30082.33
1966,X11,0.0,404892.0,30287.55
1967,X11,0.0,404242.0,30359.08
1968,X11,0.0,404199.0,30477.78
1969,X17J,0.0,202910.0,0.0
1970,X17J,0.0,203579.0,158.48
1971,X17J,0.0,203580.0,413.76
1972,X17J,0.0,203581.0,778.96
1973,X17J,0.0,203582.0,1052.86
1974,X17J,0.0,203871.0,1127.23
1975,X17J,0.0,203583.0,1885.59
1976,X17J,0.0,203666.0,2179.06
1977,X17J,0.0,203811.0,2567.8
1978,X17J,0.0,203585.0,2882.41
1979,X17J,0.0,203883.0,3295.07
1980,X17J,0.0,203586.0,3534.31
1981,X17J,0.0,202887.0,3924.17
1982,X17J,0.0,202886.0,4277.3
1983,X17J,0.0,202885.0,4436.9
1984,X17J,0.0,202884.0,4692.87
1985,X17J,0.0,202091.0,4898.05
1986,X17J,0.0,203080.0,5504.84
1987,X17J,0.0,202861.0,6038.39
1988,X17J,0.0,202094.0,6497.48
1989,X17J,0.0,202095.0,6919.21
1990,X17J,0.0,203903.0,5396.94357488
1991,X17J,0.0,203685.0,3615.67209945
1992,X17J,0.0,202845.0,5619.757
1993,X17J,0.0,202842.0,6964.90042553
1994,X17J,0.0,202841.0,7583.93510309
1995,X17J,0.0,202840.0,7612.84845361
1996,X17J,0.0,202990.0,8128.06515571
1997,X17J,0.0,203594.0,8554.27085714
1998,X17J,0.0,200393.0,8689.48846154
1999,X17J,0.0,200394.0,9407.32571429
2000,X17J,0.0,200395.0,9376.06684015
2001,X17J,0.0,203110.0,8847.56041379
2002,X17J,0.0,202681.0,10046.0647126
2003,X17J,0.0,200399.0,9781.72107692
2004,X17J,0.0,200400.0,10569.44
2005,X17J,0.0,200401.0,10845.7417526
2006,X17J,0.0,203772.0,11352.5895313
2007,X17J,0.0,203652.0,11647.7364948
2008,X17J,0.0,203567.0,11929.6476847
2009,X17J,0.0,203568.0,12229.1269231
2010,X17J,0.0,203928.0,12946.9761654
2011,X17J,0.0,905088.0,46607.9011335
2012,X17J,0.0,404173.0,47522.9177966
2013,X17J,0.0,404820.0,47075.3360465
2014,X17J,0.0,401821.0,47942.3226316
2015,X17J,0.0,401822.0,48649.4461538
2016,X17J,0.0,400354.0,48931.5045517
2017,X17J,0.0,403458.0,48814.7368992
2018,X17J,0.0,400020.0,50012.0859799
2019,X17J,0.0,404300.0,50927.228587
2020,X17J,0.0,403620.0,51163.6980769
2021,X17J,0.0,904045.0,52119.3227778
2022,S48,0.0,203420.0,0.0
2023,S48,0.0,203427.0,219.55
2024,S48,0.0,202809.0,485.03
2025,S48,0.0,202823.0,611.51
2026,S48,0.0,202824.0,1134.69
2027,S48,0.0,203087.0,1527.15
2028,S48,0.0,202830.0,1764.04
2029,S48,0.0,203730.0,2088.21
2030,S48,0.0,201484.0,2299.46
2031,S48,0.0,201485.0,2530.79
2032,S48,0.0,203537.0,2870.98
2033,S48,0.0,201488.0,3248.74
2034,S48,0.0,201489.0,3371.77
2035,S48,0.0,200407.0,3586.79
2036,S48,0.0,200408.0,3206.82179104
2037,S48,0.0,201492.0,3775.42909091
2038,S48,0.0,201493.0,4187.23052632
2039,S48,0.0,201494.0,4260.14
2040,S48,0.0,201495.0,4197.0225
2041,S48,0.0,201496.0,4699.67230769
2042,S48,0.0,201497.0,4774.14210526
2043,S48,0.0,201498.0,4960.56909091
2044,S48,0.0,201499.0,5149.19019231
2045,S48,0.0,201500.0,5214.72461538
2046,S48,0.0,201501.0,5541.05
2047,S48,0.0,201502.0,5753.184
2048,S48,0.0,201503.0,6169.15397059
2049,S48,0.0,201504.0,6378.28916667
2050,S48,0.0,201505.0,6736.47363636
2051,S48,0.0,201506.0,6438.05529412
2052,S48,0.0,201507.0,7249.46482759
2053,S48,0.0,201508.0,7188.04
2054,S48,0.0,201509.0,7557.55925
2055,S48,0.0,201510.0,7913.29
2056,S48,0.0,201511.0,8097.17090909
2057,S48,0.0,201512.0,8459.21
2058,S48,0.0,201513.0,8766.82
2059,S48,0.0,200551.0,9073.2388764
2060,S48,0.0,200552.0,9338.06
2061,S48,0.0,200553.0,9550.49
2062,S48,0.0,203972.0,9893.25
2063,S48,0.0,200284.0,10123.1
2064,S48,0.0,905002.0,10303.3
2065,S48,0.0,200154.0,10519.05
2066,S48,0.0,203650.0,10799.38
2067,S48,0.0,805017.0,11198.17
2068,X15,0.0,200386.0,0.0
2069,X15,0.0,203093.0,423.01
2070,X15,0.0,202099.0,762.37
2071,X15,0.0,202100.0,1034.76
2072,X15,0.0,200496.0,1437.62
2073,X15,0.0,202724.0,1865.7
2074,X15,0.0,203113.0,2148.1
2075,X15,0.0,203655.0,2535.98
2076,X15,0.0,202651.0,2877.22
2077,X15,0.0,203625.0,2871.12267327
2078,X15,0.0,203644.0,3464.57442857
2079,X15,0.0,203626.0,3687.00968421
2080,X15,0.0,203492.0,3953.3
2081,X15,0.0,203491.0,4219.2557377
2082,X15,0.0,203496.0,4531.40968421
2083,X15,0.0,201758.0,5009.6157732
2084,X15,0.0,201450.0,5429.2
2085,X15,0.0,201451.0,5633.65
2086,X15,0.0,202545.0,5854.71
2087,X15,0.0,202786.0,6303.77
2088,X15,0.0,201459.0,6621.47
2089,X15,0.0,202122.0,6911.18
2090,X15,0.0,202124.0,7362.13
2091,X15,0.0,201593.0,7717.0
2092,X15,0.0,201595.0,8234.05
2093,X15,0.0,201596.0,8484.69
2094,X15,0.0,201597.0,8732.34
2095,X15,0.0,201598.0,9008.53
2096,X15,0.0,201600.0,9471.17
2097,X15,0.0,203057.0,10018.8
2098,X15,0.0,201604.0,10177.29
2099,X15,0.0,201606.0,10580.42
2100,X15,0.0,201608.0,11006.19
2101,X15,0.0,203724.0,11309.26
2102,X15,0.0,203343.0,12444.47
2103,X15,0.0,203798.0,12624.46
2104,X15,0.0,203344.0,13086.4
2105,X15,0.0,805033.0,16514.04
2106,X15,0.0,805035.0,18407.0
2107,X15,0.0,901114.0,19619.24
2108,X15,0.0,805034.0,19977.46
2109,X15,0.0,805037.0,20364.17
2110,X15,0.0,803042.0,28971.64
2111,X15,0.0,404887.0,29456.77
2112,X15,0.0,903095.0,29831.87
2113,X15,0.0,903096.0,30208.18
2114,X15,0.0,805119.0,30793.31
2115,X15,0.0,903098.0,31217.51
2116,X15,0.0,401797.0,31832.18
2117,X15,0.0,903100.0,32286.8
2118,X15,0.0,905079.0,32949.66
2183,X12,0.0,202823.0,0.0
2184,X12,0.0,202824.0,523.06
2185,X12,0.0,203087.0,915.53
2186,X12,0.0,203730.0,1468.73579787
2187,X12,0.0,203537.0,2259.36
2188,X12,0.0,203693.0,3038.58
2189,X12,0.0,203653.0,3893.59
2190,X12,0.0,203603.0,4293.59
2191,X12,0.0,203607.0,4603.15
2192,X12,0.0,203719.0,4888.12
2193,X12,0.0,201325.0,5142.13
2194,X12,0.0,203161.0,5437.62
2195,X12,0.0,203163.0,5677.84
2196,X12,0.0,203164.0,5929.14
2197,X12,0.0,200534.0,6342.65
2198,X12,0.0,200535.0,6621.7
2199,X12,0.0,200537.0,6987.15
2200,X12,0.0,203615.0,7527.92
2201,X12,0.0,805154.0,7923.69
2202,X12,0.0,805033.0,15623.53
2203,X12,0.0,805035.0,17516.48
2204,X12,0.0,901114.0,18728.73
2205,X12,0.0,805034.0,19086.95
2206,X12,0.0,805037.0,19473.66
2207,X12,0.0,805039.0,22695.44
2208,X12,0.0,805038.0,24745.58
2209,X12,0.0,901171.0,26121.01
2210,X12,0.0,404887.0,28566.18
2211,X12,0.0,400070.0,28956.33
2212,X12,0.0,404226.0,29230.97
2213,X12,0.0,450402.0,29417.77
2214,X12,0.0,404890.0,29635.77
2215,X12,0.0,404891.0,29846.57
2216,X12,0.0,404892.0,30051.79
2217,X12,0.0,404959.0,30095.93
2218,X12,0.0,404894.0,30432.43
2219,X12,0.0,404132.0,31263.61
2220,X12,0.0,400723.0,31995.46
2221,X12,0.0,400726.0,32557.11
2222,X12,0.0,403353.0,33541.9612102
2223,X12,0.0,404295.0,33846.77
2224,X12,0.0,404877.0,34209.15
2225,X12,0.0,400354.0,34651.52
2226,X12,0.0,450040.0,35170.14
2227,X12,0.0,404299.0,35738.33
2228,X12,0.0,404300.0,36212.89
2229,X12,0.0,402227.0,36467.37
2230,X12,0.0,402228.0,36614.56
2231,X12,0.0,402229.0,36932.08
2232,X12,0.0,400744.0,37198.97
2233,X12,0.0,400745.0,37377.72
2234,X12,0.0,402233.0,37729.91
2235,X12,0.0,403986.0,38022.54
2236,X12,0.0,905057.0,38298.55
2237,S98,0.0,203420.0,0.0
2238,S98,0.0,203427.0,219.55
2239,S98,0.0,202809.0,485.03
2240,S98,0.0,202823.0,611.51
2241,S98,0.0,202824.0,1134.69
2242,S98,0.0,203087.0,1527.15
2243,S98,0.0,202830.0,1764.04
2244,S98,0.0,203730.0,2088.21
2245,S98,0.0,201484.0,2299.46
2246,S98,0.0,201485.0,2530.79
2247,S98,0.0,203537.0,2870.98
2248,S98,0.0,201488.0,3248.74
2249,S98,0.0,201489.0,3371.77
2250,S98,0.0,200407.0,3292.79081967
2251,S98,0.0,200408.0,3902.77
2252,S98,0.0,201497.0,5151.7
2253,S98,0.0,201499.0,5632.03
2254,S98,0.0,201503.0,6432.89
2255,S98,0.0,201507.0,7331.92
2256,S98,0.0,201509.0,7826.56
2257,S98,0.0,201513.0,8766.82
2258,S98,0.0,905002.0,10303.3
2259,S98,0.0,203650.0,10799.38
2260,S98,0.0,805017.0,11198.17
2261,X22A,0.0,201193.0,0.0
2262,X22A,0.0,201195.0,449.69
2263,X22A,0.0,202605.0,800.52
2264,X22A,0.0,203390.0,1034.29
2265,X22A,0.0,201198.0,1228.34
2266,X22A,0.0,203483.0,1629.22
2267,X22A,0.0,203485.0,2142.84
2268,X22A,0.0,250048.0,2638.75
2269,X22A,0.0,250049.0,3069.42
2270,X22A,0.0,250050.0,3404.49
2271,X22A,0.0,250068.0,4070.04
2272,X22A,0.0,250051.0,4698.83
2273,X22A,0.0,250062.0,5718.58
2274,X22A,0.0,805147.0,6490.17
2275,X22A,0.0,805149.0,7144.87
2276,X22A,0.0,805150.0,8620.03
2277,X22A,0.0,805148.0,9432.71
2278,X22A,0.0,905086.0,14179.0
2279,X22A,0.0,250058.0,18447.15
2280,X22A,0.0,905160.0,25964.35
2281,X22A,0.0,905088.0,55447.31
2282,X22A,0.0,401819.0,55861.68
2283,X22A,0.0,404280.0,56133.07
2284,X22A,0.0,401821.0,56408.35
2285,X22A,0.0,401822.0,56738.85
2286,X22A,0.0,400354.0,56928.25
2287,X22A,0.0,403458.0,57397.72
2288,X22A,0.0,400359.0,57967.62
2289,X22A,0.0,400022.0,58361.35
2290,X22A,0.0,400023.0,58601.81
2291,X22A,0.0,402215.0,59234.76
2292,X19,0.0,202910.0,0.0
2293,X19,0.0,203579.0,158.48
2294,X19,0.0,203580.0,413.76
2295,X19,0.0,203581.0,778.96
2296,X19,0.0,203582.0,1052.86
2297,X19,0.0,203871.0,1127.23
2298,X19,0.0,203583.0,1885.59
2299,X19,0.0,203666.0,2179.06
2300,X19,0.0,203811.0,2567.8
2301,X19,0.0,203585.0,2882.41
2302,X19,0.0,203812.0,3213.01
2303,X19,0.0,203586.0,3534.31
2304,X19,0.0,202887.0,3924.17
2305,X19,0.0,202886.0,4277.3
2306,X19,0.0,202885.0,4436.9
2307,X19,0.0,202884.0,4692.87
2308,X19,0.0,202239.0,4901.57
2309,X19,0.0,202240.0,5126.71
2310,X19,0.0,203591.0,5471.87
2311,X19,0.0,203592.0,5674.36
2312,X19,0.0,250058.0,9853.36
2313,X19,0.0,805162.0,13641.88
2314,X19,0.0,905153.0,16866.94
2315,X19,0.0,805033.0,26573.1
2316,X19,0.0,805035.0,28466.05
2317,X19,0.0,901114.0,29678.3
2318,X19,0.0,805034.0,30036.52
2319,X19,0.0,805037.0,30423.23
2320,X19,0.0,805039.0,33645.01
2321,X19,0.0,805038.0,35695.15
2322,X19,0.0,901171.0,37070.59
2323,X19,0.0,404887.0,39515.75
2324,X19,0.0,400070.0,39905.9
2325,X19,0.0,404889.0,40224.83
2326,X19,0.0,404890.0,40585.34
2327,X19,0.0,404891.0,40796.14
2328,X19,0.0,404892.0,41001.36
2329,X19,0.0,404242.0,41072.66
2388,S89,0.0,200371.0,0.0
2389,S89,0.0,202855.0,653.79
2390,S89,0.0,200377.0,1414.87
2391,S89,0.0,200381.0,2209.18
2392,S89,0.0,905046.0,3509.1
2393,S89,0.0,202842.0,6353.24
2394,S89,0.0,905144.0,7078.38
2395,S89,0.0,200392.0,7950.92
2396,S89,0.0,200395.0,8851.48
2397,S89,0.0,200400.0,10200.12
2398,S89,0.0,200401.0,10554.71
2399,S89,0.0,203652.0,11121.84
2400,S89,0.0,200820.0,12544.46
2401,S89,0.0,200823.0,13212.99
2402,S89,0.0,905121.0,15289.94
2403,S89,0.0,805056.0,21050.05
